started,ended,mins_worked,accomplished,primary_activity
2024-06-16T09:36:00Z,2024-06-16T10:20:00Z,43,AIM Bq molecular capa 1,bhs
2024-06-16T10:38:00Z,2024-06-16T11:12:00Z,34,SHOOT mini de Bmol capa 1,bhs
2024-06-16T11:12:00Z,2024-06-16T11:34:00Z,21,AIM Bmol hipotetizar otros backbones,bhs
2024-06-16T11:45:00Z,2024-06-16T11:59:00Z,14,AIM Bmol ciclo cell,bhs
2024-06-16T12:54:00Z,2024-06-16T13:09:00Z,15,SHOT mini bmol ciclo cell capa 1,bhs
2024-06-16T14:10:00Z,2024-06-16T14:36:00Z,26,AIM Bmol genetica clinica e intento juntar 3 chunks,bhs
2024-06-17T09:09:00Z,2024-06-17T10:14:00Z,64,AIM Bmol DNA capas 1 + 2 y algo de 3,bhs
2024-06-17T10:25:00Z,2024-06-17T11:32:00Z,66,AIM Bmol DNA acabar ,bhs
2024-06-17T11:45:00Z,2024-06-17T11:57:00Z,12,SHOOT Bmol DNA,bhs
2024-06-17T12:38:00Z,2024-06-17T13:38:00Z,60,SHOOT Bmol DNA,bhs
2024-06-17T13:52:00Z,2024-06-17T15:00:00Z,67,AIM Bmol DNA a adir capa 3,bhs
2024-06-17T15:15:00Z,2024-06-17T16:11:00Z,56,SHOOT Bmol DNA + capa 3,bhs
2024-06-17T17:01:00Z,2024-06-17T17:21:00Z,20,ANKI Bmol DNA capa 3,anki_craft
2024-06-18T08:31:00Z,2024-06-18T09:29:00Z,57,AIM Bmol RNA capas 1 + 2,bhs
2024-06-18T09:43:00Z,2024-06-18T10:26:00Z,42,SHOOT Bmol RNA capas 1 + 2,bhs
2024-06-18T10:45:00Z,2024-06-18T11:35:00Z,50,AIM Bmol RNA capa 3,bhs
2024-06-18T13:09:00Z,2024-06-18T13:40:00Z,30,SHOOT Bmol RNA capa 3,bhs
2024-06-18T13:49:00Z,2024-06-18T14:20:00Z,30,ANKI Bmol RNA capa 3,anki_craft
2024-06-19T08:40:00Z,2024-06-19T09:02:00Z,21,AIM Bmol traduccion proteinas capa 1 + 2,bhs
2024-06-19T09:16:00Z,2024-06-19T09:47:00Z,31,AIM Bmol Proteinas capa 1 + 2,bhs
2024-06-19T09:53:00Z,2024-06-19T10:24:00Z,30,SHOOT Bmol Proteinas capas 1 + 2,bhs
2024-06-19T11:05:00Z,2024-06-19T11:48:00Z,42,AIM Bmol Proteinas + capa 3,bhs
2024-06-19T13:27:00Z,2024-06-19T14:03:00Z,35,AIM Bmol Proteinas + capa 3,bhs
2024-06-19T14:12:00Z,2024-06-19T15:00:00Z,48,SHOOT Bmol Proteinas + capa 3,bhs
2024-06-19T15:09:00Z,2024-06-19T15:44:00Z,34,ANKI Bmol Proteinas Capa 3,anki_craft
2024-06-20T08:33:00Z,2024-06-20T09:35:00Z,61,AIM SHOOT Bq metabolismo nucleotidos Capa 1,bhs
2024-06-20T09:48:00Z,2024-06-20T10:53:00Z,65,AIM SHOOT Bq metabolismo nucleotidos + capa 2 3,bhs
2024-06-20T11:29:00Z,2024-06-20T11:55:00Z,25,ANKI Bq metabolismo nucleotidos capa 3,anki_craft
2024-06-20T13:23:00Z,2024-06-20T14:37:00Z,74,AIM SHOOT Genetica clinica capas 2 3,bhs
2024-06-20T15:00:00Z,2024-06-20T16:01:00Z,60,ANKI Genetica molec capa 3 y apuntar patologias ligadas,anki_craft
2024-06-21T08:22:00Z,2024-06-21T09:07:00Z,45,AIM Ciclo cell capas 1 + 2,bhs
2024-06-21T09:31:00Z,2024-06-21T09:55:00Z,23,SHOOT Ciclo cell capas 1 + 2,bhs
2024-06-21T10:07:00Z,2024-06-21T11:07:00Z,60,ANKI Ciclo cell capa 3 mas apuntar oncogenes suptumores,anki_craft
2024-06-21T13:22:00Z,2024-06-21T13:44:00Z,22,ANKI de cosas varias,anki_craft
2024-06-22T08:31:00Z,2024-06-22T09:24:00Z,53,SIR Weekly Brain dump mm,active_recall
2024-06-22T09:42:00Z,2024-06-22T10:29:00Z,47,SIR Weekly Brain dump mm acabar,active_recall
2024-06-22T10:40:00Z,2024-06-22T10:50:00Z,10,SIR Weekly generar preguntas sobre los gaps,active_recall
2024-06-23T09:08:00Z,2024-06-23T09:37:00Z,29,PRESTUDY Bq estructural metab Aim capa 1 keywords,bhs
2024-06-23T10:04:00Z,2024-06-23T10:49:00Z,44,PRESTUDY Bq estructural metabolica Aim preguntas,bhs
2024-06-23T10:54:00Z,2024-06-23T11:44:00Z,50,PRESTUDY Bq estructural metabolica Shoot capa 1,bhs
2024-06-24T09:08:00Z,2024-06-24T10:05:00Z,56,AIM Bq estruct metab capas 1 + 2,bhs
2024-06-24T10:16:00Z,2024-06-24T11:04:00Z,47,AIM Bq estruct metab glucidos capa 1 + 2,bhs
2024-06-24T11:19:00Z,2024-06-24T11:51:00Z,32,AIM SHOOT Bq estruc metab capa 1 - 2,bhs
2024-06-24T13:18:00Z,2024-06-24T14:08:00Z,49,AIM Bq estruct metab glucidos + capa 3,bhs
2024-06-24T14:28:00Z,2024-06-24T15:27:00Z,59,SHOOT Bq estuct metab glucidos + capa 3,bhs
2024-06-24T16:55:00Z,2024-06-24T17:14:00Z,18,ANKI Bq estruct metab capa 3,anki_craft
2024-06-24T17:24:00Z,2024-06-24T17:49:00Z,25,ANKI Bq estruct metab capa 3,anki_craft
2024-06-25T08:28:00Z,2024-06-25T08:50:00Z,21,AIM Bq estruct metab capas 1 + 2,bhs
2024-06-25T09:04:00Z,2024-06-25T10:15:00Z,70,AIM Bq estruct metab capa 1 + 2 preguntas,bhs
2024-06-25T10:43:00Z,2024-06-25T11:33:00Z,50,SHOOT Bq estruct metab lipidos capa 1 + 2,bhs
2024-06-25T13:17:00Z,2024-06-25T13:49:00Z,32,AIM Bq estruct metab + capa 3,bhs
2024-06-25T13:56:00Z,2024-06-25T14:24:00Z,27,AIM Bq estruct metab lipidos + capa 3,bhs
2024-06-25T14:42:00Z,2024-06-25T16:00:00Z,78,SHOOT Bq estruct metab lipidos + capa 3,bhs
2024-06-25T17:23:00Z,2024-06-25T17:50:00Z,27,ANKI Bq estruct metab Lipidos capa 3,anki_craft
2024-06-26T06:42:00Z,2024-06-26T07:29:00Z,47,AIM Bq estruct metab vitaminas capa 1 - 3,bhs
2024-06-26T09:55:00Z,2024-06-26T10:43:00Z,47,SHOOT Bq estruct metab vitaminas capa 1 - 3,bhs
2024-06-26T10:56:00Z,2024-06-26T11:05:00Z,8,ANKI Bq estruct metab vitaminas capa 3,anki_craft
2024-06-26T11:19:00Z,2024-06-26T11:54:00Z,35,AIM Bq estruct metab metabolismo energetico capa 1 - 2,bhs
2024-06-26T13:25:00Z,2024-06-26T14:12:00Z,46,SHOOT Bq metabolismo energetico capa 1 - 2,bhs
2024-06-26T14:23:00Z,2024-06-26T15:10:00Z,46,AIM SHOOT Bq metabolismo energetico capa 1 - 3,bhs
2024-06-26T15:21:00Z,2024-06-26T15:51:00Z,30,ANKI Bq metabolismo energetico capa 3,anki_craft
2024-06-27T09:45:00Z,2024-06-27T10:33:00Z,48,AIM Bq estruct proteinas capa 1 + 2,bhs
2024-06-27T13:25:00Z,2024-06-27T14:16:00Z,51,SHOOT Bq estruct proteinas capa 1 - 2,bhs
2024-06-27T14:36:00Z,2024-06-27T15:05:00Z,29,AIM Bq estruct proteinas capa + 3,bhs
2024-06-27T15:36:00Z,2024-06-27T16:22:00Z,46,SHOOT Bq estruct proteinas + capa 3,bhs
2024-06-27T17:32:00Z,2024-06-27T17:41:00Z,8,SHOOT Bq estruct proteinas + capa 3,bhs
2024-06-27T17:42:00Z,2024-06-27T17:58:00Z,15,ANKI Bq estruct proteinas capa 3,anki_craft
2024-06-28T09:43:00Z,2024-06-28T10:45:00Z,62,AIM Bq estruct metab enzimas metab aa capas 1 - 2,bhs
2024-06-28T10:59:00Z,2024-06-28T11:44:00Z,44,SHOOT Bq metab Aa capa 1 - 2 y poco 3,bhs
2024-06-28T13:39:00Z,2024-06-28T14:19:00Z,40,SHOOT Bq estruct enzimas capa 1 - 2 y poco 3,bhs
2024-06-28T14:38:00Z,2024-06-28T15:09:00Z,31,ANKI Bq estruct proteinas y enzimas,anki_craft
2024-06-28T15:24:00Z,2024-06-28T15:45:00Z,20,ANKI Bq metab aa capa 3,anki_craft
2024-06-29T10:03:00Z,2024-06-29T10:55:00Z,51,SIR Weekly braindump mm glucidos lipidos,active_recall
2024-06-29T11:17:00Z,2024-06-29T11:54:00Z,37,SIR Weekly braindump mm prots enzimas vit,active_recall
2024-06-29T17:45:00Z,2024-06-29T18:08:00Z,22,SIR Weekly correccion braindump mm,active_recall
2024-06-30T10:07:00Z,2024-06-30T11:20:00Z,72,Prestudy Citologia ,bhs
2024-07-01T10:02:00Z,2024-07-01T10:51:00Z,48,AIM Citologia procesamiento lipidos prots,bhs
2024-07-01T11:00:00Z,2024-07-01T11:27:00Z,26,SHOOT Citologia procesamiento prots lipidos capa 1 - 2,bhs
2024-07-02T10:57:00Z,2024-07-02T11:30:00Z,32,AIM SHOOT Citologia capa 1 y algo de 2,bhs
2024-07-02T13:57:00Z,2024-07-02T15:32:00Z,94,AIM SHOOT Citologia todo capa 2 + 3,bhs
2024-07-02T17:19:00Z,2024-07-02T17:40:00Z,21,ANKI Citologia capa 3,anki_craft
2024-07-03T13:31:31Z,2024-07-03T14:40:14Z,68,AIM SHOOT Citologia procesamiento prots capa 1 - 3 ,bhs
2024-07-03T15:01:22Z,2024-07-03T15:22:49Z,21,ANKI Citologia capa 3,anki_craft
2024-07-04T14:24:29Z,2024-07-04T15:25:26Z,60,AIM SHOOT Citologia mb,bhs
2024-07-07T08:26:48Z,2024-07-07T09:15:15Z,48,SIR Braindump mm,active_recall
2024-07-07T10:08:08Z,2024-07-07T10:48:12Z,40,Arreglar anki acm,misc
2024-07-07T10:56:58Z,2024-07-07T11:07:31Z,10,ANKI ACM y craftear nuevas,anki_craft
2024-07-09T16:45:26Z,2024-07-09T17:29:33Z,44,Prestudy fisio histo muscular,bhs
2024-07-10T09:15:17Z,2024-07-10T09:43:42Z,28,AIM Fiso muscular capa 1 - 2,bhs
2024-07-10T09:58:05Z,2024-07-10T11:03:14Z,65,SHOOT Fisio Muscular capa 1 - 2 ,bhs
2024-07-10T16:59:31Z,2024-07-10T17:20:28Z,20,ANKI Fisio Muscular capa 3,anki_craft
2024-07-11T16:58:16Z,2024-07-11T17:38:25Z,40,Prestudy Fisio respiratorio,bhs
2024-07-12T13:41:27Z,2024-07-12T14:59:40Z,78,AIM Fisio Respiratorio capa 1 - 2,bhs
2024-07-12T15:38:38Z,2024-07-12T15:51:11Z,12,AIM posibles chunks Fisio Respiratorio,bhs
2024-07-12T16:31:48Z,2024-07-12T17:31:08Z,59,SHOOT Fisio respiratorio,bhs
2024-07-13T17:02:17Z,2024-07-13T17:30:07Z,27,,misc
2024-07-14T09:50:57Z,2024-07-14T10:35:08Z,44,SIR EOM Preguntas generadas,active_recall
2024-07-14T13:38:52Z,2024-07-14T14:09:18Z,30,SIR EOM Corregir preguntas generadas,active_recall
2024-07-14T14:45:45Z,2024-07-14T15:37:02Z,51,SIR EOM Simulacro Citologia mas correccion,active_recall
2024-07-14T17:07:39Z,2024-07-14T18:06:47Z,59,SIR EOM Simulacro Bq est metab y correccion,active_recall
2024-07-15T10:38:35Z,2024-07-15T11:40:11Z,61,SIR EOM Simulacro Bmol,active_recall
2024-07-15T15:38:18Z,2024-07-15T16:06:02Z,27,SIR EOM Simulacro Bmol correccion,active_recall
2024-07-15T16:55:14Z,2024-07-15T17:27:44Z,32,ANKI Simulacros,anki_craft
2024-07-15T17:38:21Z,2024-07-15T17:53:16Z,14,ANKI Simulacros,anki_craft
2024-07-16T09:41:34Z,2024-07-16T10:00:38Z,19,ANKI Respiratorio,anki_craft
2024-07-16T10:27:42Z,2024-07-16T11:55:56Z,88,AIM-SHOOT Fisio Neurologico capa 1 + algo 2,bhs
2024-07-16T14:16:51Z,2024-07-16T16:05:52Z,109,SHOOT Fisio nueronal capa 1 - 2,bhs
2024-07-17T14:03:45Z,2024-07-17T14:39:31Z,35,AIM SNC capa 1 - 2,bhs
2024-07-17T14:48:30Z,2024-07-17T15:43:37Z,55,CLASE Fisio 1 SNC,lectures
2024-07-17T16:22:32Z,2024-07-17T16:55:46Z,33,CLASE Fisio SNC,lectures
2024-07-18T13:52:57Z,2024-07-18T15:52:21Z,119,SKIN Fiso SNC,bhs
2024-07-19T13:33:54Z,2024-07-19T14:58:36Z,84,AIM Fisio SNC patologias,bhs
2024-07-19T15:33:19Z,2024-07-19T16:15:32Z,42,SHOOT Fisio SNC Patologias,bhs
2024-07-25T09:21:43Z,2024-07-25T10:16:46Z,55,ANKI Fisio SNC,anki_craft
2024-07-25T10:29:44Z,2024-07-25T10:58:48Z,29,ANKI SNC patologia y ACM,anki_craft
2024-07-29T08:31:36Z,2024-07-29T09:04:14Z,32,AIM Fisio SNA y SNP,bhs
2024-07-29T09:19:28Z,2024-07-29T10:01:33Z,42,AIM Fisio SNP y SNA,bhs
2024-07-29T10:18:22Z,2024-07-29T11:20:39Z,62,SHOOT Fisio SNP y SNA ,bhs
2024-07-30T09:45:53Z,2024-07-30T10:06:17Z,20,ANKI Fisio SNA y SNP capa 3,anki_craft
2024-07-30T10:39:28Z,2024-07-30T11:22:53Z,43,PRESTUDY Fisio receptores general capa 1,bhs
2024-07-30T13:38:56Z,2024-07-30T15:04:55Z,85,CLASE Fisio general receptores,lectures
2024-07-30T15:43:25Z,2024-07-30T16:16:25Z,33,SKIN Fisio receptores general,bhs
2024-07-30T17:05:07Z,2024-07-30T17:34:39Z,29,SKIN Fisio receptores general,bhs
2024-07-31T08:51:54Z,2024-07-31T09:54:21Z,62,PRESTUDY AIM Fisio sentidos espciales,bhs
2024-07-31T10:19:16Z,2024-07-31T11:01:58Z,42,PRESTUDY SHOOT Fisio sentidos especiales,bhs
2024-07-31T11:22:04Z,2024-07-31T11:47:14Z,25,ANKI Fisiologia general receptores capa 3,anki_craft
2024-07-31T13:32:32Z,2024-07-31T14:30:18Z,57,CLASE Fisio sentidos vision,lectures
2024-07-31T14:57:17Z,2024-07-31T15:55:53Z,58,CLASE Fisio sentidos especiales,lectures
2024-07-31T17:03:38Z,2024-07-31T17:49:23Z,45,SKIN Fisio sentidos especiales vision,bhs
2024-08-01T09:00:08Z,2024-08-01T09:47:38Z,47,SKIN Fisio Sentidos especiales oido,bhs
2024-08-01T09:59:48Z,2024-08-01T10:43:41Z,43,SKIN Fisio sentidos espciales acabar,bhs
2024-08-01T11:32:28Z,2024-08-01T11:38:23Z,5,SKIN Corregir errores misc,bhs
2024-08-01T13:55:41Z,2024-08-01T14:46:50Z,51,ANKI Fisio sentidos especiales capa 3,anki_craft
2024-08-01T15:22:22Z,2024-08-01T16:13:31Z,51,AIM SHOOT SN cells capa 1 - 3,bhs
2024-08-01T17:18:58Z,2024-08-01T17:34:29Z,15,ADMIN,misc
2024-08-02T14:16:38Z,2024-08-02T14:53:31Z,36,ANKI Histologia cells SN y Sentidos espeicales,anki_craft
2024-08-04T09:53:52Z,2024-08-04T10:49:04Z,55,SIR EOW Fisio sistema nervioso MM braindumo,active_recall
2024-08-04T11:10:31Z,2024-08-04T11:47:48Z,37,SIR EOW acabar MM braindump,active_recall
2024-08-04T15:09:55Z,2024-08-04T15:39:02Z,29,SIR EOW Correccion MM Braindump,active_recall
2024-08-04T16:03:12Z,2024-08-04T16:24:27Z,21,SIR EOW Preguntas de los gaps,active_recall
2024-08-04T17:04:29Z,2024-08-04T17:48:10Z,43,PRESTUDY Fisio cardio AIM capa 1,bhs
2024-08-04T18:10:22Z,2024-08-04T18:24:22Z,13,PRESTUDY Fisio cardio SHOOT,bhs
2024-08-05T09:12:25Z,2024-08-05T10:17:56Z,65,CLASE Fisio Cardio,lectures
2024-08-05T10:39:02Z,2024-08-05T11:38:02Z,59,CLASE Fisio Cardio,lectures
2024-08-05T14:45:47Z,2024-08-05T16:06:28Z,80,CLASE Fisio cardio,lectures
2024-08-06T07:03:36Z,2024-08-06T08:05:48Z,62,AIM SHOOT Fisio Caridiovascular capa 1 - 2,bhs
2024-08-06T09:28:39Z,2024-08-06T10:29:13Z,60,AIM SHOOT Fisio Cardiovascular capa 1 - 2,bhs
2024-08-06T10:54:25Z,2024-08-06T11:37:49Z,43,AIM SHOOT Fisio Cardiovascular capa 1 - 2,bhs
2024-08-06T13:43:24Z,2024-08-06T14:32:27Z,49,AIM SHOOT Fisio Cardiovascular capa 1 - 2,bhs
2024-08-06T15:31:54Z,2024-08-06T16:44:45Z,72,AIM SHOOT Fisio Cardiovascular clean mm,bhs
2024-08-07T09:47:19Z,2024-08-07T11:05:15Z,77,AIM SHOOT Fisiologia Cardiovascular capa 1 - 3,bhs
2024-08-07T15:10:33Z,2024-08-07T15:46:29Z,35,ANKI Fisiologia Cardiologia capa 3,anki_craft
2024-08-07T16:56:45Z,2024-08-07T17:26:41Z,29,PRESTUDY Fisiologia Digestivo,bhs
2024-08-08T06:08:56Z,2024-08-08T07:03:24Z,54,CLASE Fisiologia Digestivo,lectures
2024-08-08T07:24:33Z,2024-08-08T08:23:36Z,59,CLASE Fisiologia Digestivo,lectures
2024-08-08T09:26:32Z,2024-08-08T10:18:42Z,52,AIM SHOOT Fisiologia Digestivo,bhs
2024-08-08T10:42:48Z,2024-08-08T11:29:47Z,46,AIM SHOOT Fisiologia Digestivo,bhs
2024-08-08T13:25:01Z,2024-08-08T14:17:54Z,52,AIM SHOOT Fisiologia Digestivo,bhs
2024-08-08T15:01:22Z,2024-08-08T15:47:39Z,46,SKIN Fisiologia Digestivo,bhs
2024-08-09T06:58:17Z,2024-08-09T08:01:54Z,63,SKIN Fiosologia Digestivo,bhs
2024-08-09T13:40:15Z,2024-08-09T14:15:56Z,35,SKIN Fisiologia Digestivo,bhs
2024-08-10T10:31:52Z,2024-08-10T10:46:52Z,15,SIR EOM Responder preguntas generadas,active_recall
2024-08-10T10:59:25Z,2024-08-10T11:35:40Z,36,SIR EOM Simulacro Fisiologia S01,active_recall
2024-08-10T15:47:31Z,2024-08-10T16:34:34Z,47,SIR EOM Simulacro fisio nervioso y sentidos,active_recall
2024-08-10T16:53:58Z,2024-08-10T17:12:29Z,18,SIR EOM Simulacro Fisiologia respiratorio,active_recall
2024-08-11T09:54:53Z,2024-08-11T10:35:02Z,40,SIR EOW Braindump Cardiovascular y preguntas gaps,active_recall
2024-08-11T17:25:49Z,2024-08-11T17:53:03Z,27,SIR EOW Fisiologia Digestivo Braindump mm,active_recall
2024-08-12T09:01:51Z,2024-08-12T09:42:06Z,40,SKIN Fisiolgia Digestivo,bhs
2024-08-12T09:56:08Z,2024-08-12T10:46:59Z,50,SKIN Fisiologia Digestivo,bhs
2024-08-12T11:04:24Z,2024-08-12T11:46:11Z,41,SKIN Fisiologia Digestivo,bhs
2024-08-12T13:20:33Z,2024-08-12T14:11:08Z,50,ANKI Fisiologia Digestivo,anki_craft
2024-08-12T14:23:28Z,2024-08-12T14:38:23Z,14,ANKI Fisiologia Digestivo,anki_craft
2024-08-12T15:20:32Z,2024-08-12T16:04:01Z,43,PRESTUDY Hematologia,bhs
2024-08-13T07:21:23Z,2024-08-13T08:26:06Z,64,AIM Eritrocitos Capa 1 - 2,bhs
2024-08-13T11:28:26Z,2024-08-13T11:51:38Z,23,SHOOT Eritrocitos Capa 1 - 2,bhs
2024-08-13T12:51:42Z,2024-08-13T13:41:06Z,49,AIM Eritrocitos +capa 3,bhs
2024-08-13T13:58:01Z,2024-08-13T14:48:18Z,50,SHOOT Eritrocitos +capa 3,bhs
2024-08-13T15:13:46Z,2024-08-13T15:45:58Z,32,SHOOT Eritrocitos +capa 3,bhs
2024-08-13T16:37:12Z,2024-08-13T16:56:09Z,18,SHOOT Eritrocitos +capa 3,bhs
2024-08-14T15:34:30Z,2024-08-14T16:27:51Z,53,SKIN Hematologia Eritrocitos,bhs
2024-08-15T06:38:34Z,2024-08-15T07:40:02Z,61,ANKI Hematologia Eritrocitos capa 3,anki_craft
2024-08-15T08:44:18Z,2024-08-15T09:29:23Z,45,AIM SHOOT Hematologia Leucocitos capa 1 - 2,bhs
2024-08-15T15:08:25Z,2024-08-15T15:25:22Z,16,SHOOT Fisiologia Leucocitos capa 1 - 2,bhs
2024-08-15T15:40:13Z,2024-08-15T16:45:36Z,65,SHOOT Fisiologia Leucocitos +capa 3,bhs
2024-08-16T07:24:41Z,2024-08-16T08:02:56Z,38,AIM Fisiologia Plaquetas capa 1 - 2,bhs
2024-08-16T09:49:19Z,2024-08-16T10:19:56Z,30,SHOOT Fisiologia Plaquetas capa 1 - 2,bhs
2024-08-16T13:56:02Z,2024-08-16T14:55:50Z,59,AIM SHOOT Fisiologia Plaquetas capa +3,bhs
2024-08-16T15:12:34Z,2024-08-16T15:49:29Z,36,SHOOT Fisiologia Plaquetas capa +3,bhs
2024-08-16T16:50:17Z,2024-08-16T17:42:21Z,52,ANKI Hematologia leucocitos plaquetas capa 3,anki_craft
2024-08-17T16:38:02Z,2024-08-17T17:09:24Z,31,SIR EOW Digestivo todo,active_recall
2024-08-17T17:28:39Z,2024-08-17T17:54:40Z,26,SIR EOW Eritrocitos todo,active_recall
2024-08-17T18:06:34Z,2024-08-17T18:23:07Z,16,SIR EOW Leucocitos todo,active_recall
2024-08-18T16:44:45Z,2024-08-18T17:00:53Z,16,SIR EOW Hemostasia todo,active_recall
2024-08-18T17:16:26Z,2024-08-18T17:44:24Z,27,PRESTUDY Endocrino,bhs
2024-08-18T17:57:26Z,2024-08-18T18:16:05Z,18,PRESTUDY Fisiologia Endocrino,bhs
2024-08-19T07:43:31Z,2024-08-19T08:35:40Z,52,AIM Fisiologia Endocrino Hipot Hipof,bhs
2024-08-19T09:01:11Z,2024-08-19T09:35:47Z,34,SHOOT Fisiologia Endocrino Hipot Hipof,bhs
2024-08-19T10:45:33Z,2024-08-19T11:53:41Z,68,AIM SHOOT Fisiologia Endocrinologia Hipot Hipof capa 3,bhs
2024-08-19T13:45:17Z,2024-08-19T14:34:39Z,49,ANKI Fisiologia Endocrinologia capa 3,anki_craft
2024-08-19T14:53:23Z,2024-08-19T15:07:18Z,13,ANKI Fisiologia Endocrinologia capa 3,anki_craft
2024-08-20T09:22:28Z,2024-08-20T10:21:27Z,58,AIM Fisiologia Ovoulacion Espermatogenesis,bhs
2024-08-20T10:54:27Z,2024-08-20T11:31:53Z,37,SHOOT Fisiologia Ovulacion Espermatogenesis,bhs
2024-08-20T13:51:22Z,2024-08-20T14:20:17Z,28,AIM Fisiologia Ovulacion Espermatogenesis,bhs
2024-08-20T14:44:32Z,2024-08-20T15:29:07Z,44,AIM SHOOT Ovulacion ,bhs
2024-08-20T16:12:27Z,2024-08-20T16:27:57Z,15,SHOOT Fisiologia Espermatogenesis,bhs
2024-08-20T17:03:41Z,2024-08-20T17:23:25Z,19,ANKI Ovulacion Espermatogenesis,anki_craft
2024-08-21T09:40:23Z,2024-08-21T10:32:56Z,52,"AIM Fisiologia Endocrino pancreas, corazon, higado",bhs
2024-08-21T11:21:57Z,2024-08-21T11:47:32Z,25,SHOOT Fisiologia Endocrinologia pancread higado corazon,bhs
2024-08-21T13:37:56Z,2024-08-21T14:51:23Z,73,AIM SHOOT Fisio Endocrino pancreas corazon higado capa +3,bhs
2024-08-21T15:39:14Z,2024-08-21T16:05:12Z,25,ANKI capa 3,anki_craft
2024-08-22T10:46:25Z,2024-08-22T11:41:40Z,55,AIM SHOOT Endocrinologia metab ca p capa 1-2,bhs
2024-08-22T14:14:02Z,2024-08-22T14:34:16Z,20,,misc
2024-08-22T15:05:23Z,2024-08-22T15:48:49Z,43,SHOOT Endocrinologia Metabolismo Ca y P,bhs
2024-08-22T17:12:43Z,2024-08-22T17:25:45Z,13,ANKI Endocrinologia Metabolismo Ca P,anki_craft
2024-08-24T17:04:57Z,2024-08-24T17:35:56Z,30,SIR EOW MM braindump,active_recall
2024-08-24T18:08:54Z,2024-08-24T18:30:09Z,21,SIR EOW Acabar,active_recall
2024-08-25T17:15:20Z,2024-08-25T17:34:54Z,19,PRESUTDY Fisiologia Renal,bhs
2024-08-26T07:58:36Z,2024-08-26T08:08:56Z,10,PRESTUDY Renal MM,bhs
2024-08-26T08:56:45Z,2024-08-26T09:42:48Z,46,AIM Fisiologia Renal,bhs
2024-08-26T10:16:56Z,2024-08-26T10:55:04Z,38,SHOOT Fisiologia Renal,bhs
2024-08-26T14:10:48Z,2024-08-26T14:36:23Z,25,AIM Fisiologia Renal Capa +3,bhs
2024-08-26T14:45:38Z,2024-08-26T15:50:58Z,65,SHOOT Fisiologia Renal Capa +3,bhs
2024-08-26T16:48:29Z,2024-08-26T17:10:00Z,21,ANKI Renal capa 3,anki_craft
2024-08-27T08:43:59Z,2024-08-27T09:02:00Z,18,ANKI Sistema Excretor capa 3,anki_craft
2024-08-27T10:20:23Z,2024-08-27T11:08:14Z,47,AIM SHOOT Termoregulacion,bhs
2024-08-29T09:21:02Z,2024-08-29T10:10:53Z,49,AIM Histologia ,bhs
2024-08-29T10:27:12Z,2024-08-29T10:51:31Z,24,AIM Histologia,bhs
2024-08-29T11:24:26Z,2024-08-29T11:47:40Z,23,SHOOT Histologia Epitelial,bhs
2024-08-29T14:29:52Z,2024-08-29T15:13:32Z,43,SHOOT Histologia Conjuntivo Cartilaginoso,bhs
2024-08-29T15:42:34Z,2024-08-29T15:59:52Z,17,SHOOT Oseo,bhs
2024-08-29T17:37:33Z,2024-08-29T17:44:09Z,6,AIM SHOOT Tegumentario,bhs
2024-08-30T08:55:14Z,2024-08-30T09:15:20Z,20,ANKI Histologia,anki_craft
2024-08-30T09:29:45Z,2024-08-30T10:16:12Z,46,AIM Embriologia,bhs
2024-08-30T10:52:58Z,2024-08-30T11:10:01Z,17,AIM Embriologia,bhs
2024-08-30T14:42:01Z,2024-08-30T15:29:29Z,47,SHOOT Embriologia,bhs
2024-08-30T17:09:26Z,2024-08-30T17:28:17Z,18,ANKI Embriologia,anki_craft
2024-08-31T10:02:22Z,2024-08-31T10:53:56Z,51,SIR EOW MM braindump renal histologia,active_recall
2024-09-01T09:55:23Z,2024-09-01T10:27:06Z,31,AIM Bacteriologia Conceptos,bhs
2024-09-01T10:43:31Z,2024-09-01T11:01:21Z,17,SHOOT Bacteriologia conceptos,bhs
2024-09-01T17:26:33Z,2024-09-01T17:47:40Z,21,PRESTUDY Bacteriologia,bhs
2024-09-02T09:07:51Z,2024-09-02T10:00:38Z,52,VIDEO Bacteriologia 1,lectures
2024-09-02T10:15:33Z,2024-09-02T11:26:51Z,71,VIDEO Bacteriologia 1,lectures
2024-09-02T11:43:00Z,2024-09-02T12:00:00Z,17,VIDEO Bacteriologia 1,lectures
2024-09-02T13:18:40Z,2024-09-02T14:00:20Z,41,AIM Bacterilogia capa 1 - 2,bhs
2024-09-02T14:13:49Z,2024-09-02T14:38:00Z,24,AIM Bacteriolgia capa 1 - 2,bhs
2024-09-02T15:28:37Z,2024-09-02T16:06:11Z,37,SHOOT Bacteriologia capa 1 - 2,bhs
2024-09-03T06:12:17Z,2024-09-03T07:11:09Z,58,ANKI Bacteriologia general capa 3,anki_craft
2024-09-03T08:00:55Z,2024-09-03T09:03:09Z,62,VIDEO Bacteriologia 2,lectures
2024-09-03T09:15:04Z,2024-09-03T10:42:24Z,87,VIDEO Bacteriologia 2,lectures
2024-09-03T11:05:39Z,2024-09-03T12:02:29Z,56,AIM SHOOT Bacteriologia Sistematica,bhs
2024-09-03T13:15:09Z,2024-09-03T13:55:28Z,40,AIM SHOOT Bacteriologia Sistematica,bhs
2024-09-03T14:03:25Z,2024-09-03T14:53:37Z,50,AIM SHOOT Bacteriologia sistematica,bhs
2024-09-03T15:03:55Z,2024-09-03T15:39:32Z,35,AIM SHOOT Bacteriologia sistematica,bhs
2024-09-03T16:39:02Z,2024-09-03T16:59:10Z,20,ANKI Bacteriologia sistematica,anki_craft
2024-09-04T07:35:58Z,2024-09-04T08:45:43Z,69,ANKI Bacteriologia gram +,anki_craft
2024-09-04T09:02:52Z,2024-09-04T10:04:45Z,61,VIDEO Infecciosas 3,lectures
2024-09-04T10:16:40Z,2024-09-04T11:47:55Z,91,VIDEO Infecciosas 3,lectures
2024-09-04T13:42:41Z,2024-09-04T14:09:29Z,26,AIM SHOOT Bacterilogia gram-,bhs
2024-09-04T14:14:51Z,2024-09-04T15:20:25Z,65,AIM SHOOT Bacteriologia gram -,bhs
2024-09-04T15:35:12Z,2024-09-04T16:05:33Z,30,AIM SHOOT Bacteriologia gram -,bhs
2024-09-04T16:56:23Z,2024-09-04T17:29:04Z,32,AIM SHOOT Bacteriologia gram -,bhs
2024-09-05T06:21:01Z,2024-09-05T06:55:47Z,34,AIM SHOOT Bacteriologia gram -,bhs
2024-09-05T07:04:33Z,2024-09-05T07:44:02Z,39,AIM SHOOT Bacteriologia otros,bhs
2024-09-05T09:17:57Z,2024-09-05T10:10:51Z,52,SKIN Bacteriologia Sistematica general,bhs
2024-09-05T10:21:55Z,2024-09-05T11:46:40Z,84,SKIN Bacteriologia sistematica general,bhs
2024-09-05T13:29:55Z,2024-09-05T13:51:23Z,21,Añadir a lista de la compra,misc
2024-09-05T14:06:30Z,2024-09-05T14:40:39Z,34,SKIN Bacteriologia sistematica general,bhs
2024-09-05T14:53:23Z,2024-09-05T15:48:54Z,55,ANKI gram -,anki_craft
2024-09-05T16:32:23Z,2024-09-05T16:55:15Z,22,ANKI otros,anki_craft
2024-09-06T09:20:23Z,2024-09-06T09:44:55Z,24,ANKI Bacteriologia lista compra,anki_craft
2024-09-06T09:57:59Z,2024-09-06T11:11:13Z,73,SIR EOM Sistema cardiovascular,active_recall
2024-09-06T13:22:15Z,2024-09-06T14:04:21Z,42,SIR EOM Sistema excretor,active_recall
2024-09-06T14:15:05Z,2024-09-06T15:13:06Z,58,SIR EOM Hematologia,active_recall
2024-09-06T16:49:34Z,2024-09-06T17:33:48Z,44,SIR EOM Fisiologia Endocrino,active_recall
2024-09-07T08:37:22Z,2024-09-07T09:24:52Z,47,SIR EOW MM braindump bacteriologia,active_recall
2024-09-07T09:38:06Z,2024-09-07T10:06:52Z,28,SKIN Bacteriologia sistematica partes bajo recall,bhs
2024-09-08T08:27:41Z,2024-09-08T09:17:22Z,49,SIR EOM Digestivo y Histologia,active_recall
2024-09-08T17:02:16Z,2024-09-08T17:33:00Z,30,PRESTUDY Virologia Micologia,bhs
2024-09-09T06:46:01Z,2024-09-09T07:27:36Z,41,VIDEO Infecciosas 4,lectures
2024-09-09T07:37:54Z,2024-09-09T08:14:00Z,36,VIDEO Infecciosas 4,lectures
2024-09-09T09:38:39Z,2024-09-09T10:10:59Z,32,VIDEO Infecciosas 4,lectures
2024-09-09T10:11:16Z,2024-09-09T11:38:27Z,87,VIDEO Infecciosas 5,lectures
2024-09-09T14:08:03Z,2024-09-09T15:03:57Z,55,AIM SHOOT Micologia capa 1 - 2,bhs
2024-09-09T15:20:43Z,2024-09-09T16:12:57Z,52,AIM SHOOT Micologia capa +3,bhs
2024-09-09T16:23:06Z,2024-09-09T16:43:44Z,20,ANKI Micosis capa 3,anki_craft
2024-09-09T16:50:15Z,2024-09-09T16:55:00Z,4,ANKI ACM,anki_craft
2024-09-10T07:10:03Z,2024-09-10T07:56:23Z,46,AIM SHOOT Virologia general capa 1 - 2,bhs
2024-09-10T08:04:54Z,2024-09-10T08:18:02Z,13,ANKI Virologia general capa 3,anki_craft
2024-09-10T08:24:14Z,2024-09-10T09:10:26Z,46,AIM SHOOT Virologia sistematica ,bhs
2024-09-10T09:40:08Z,2024-09-10T10:30:04Z,49,AIM SHOOT Virologia sistematica,bhs
2024-09-10T10:42:32Z,2024-09-10T11:25:56Z,43,ANKI Virologia sistematica DNA,anki_craft
2024-09-10T14:07:29Z,2024-09-10T15:01:14Z,53,AIM SHOOT Virologia Sistematica RNA,bhs
2024-09-10T15:13:00Z,2024-09-10T16:02:47Z,49,AIM SHOOT Virologia Sistematica RNA,bhs
2024-09-10T16:11:16Z,2024-09-10T16:57:06Z,45,AIM SHOOT Virologia Sistematica RNA,bhs
2024-09-11T08:16:17Z,2024-09-11T09:12:58Z,56,VIDEO Infecciosas 5,lectures
2024-09-11T09:27:32Z,2024-09-11T10:24:33Z,57,VIDEO Infecciosas 6,lectures
2024-09-11T10:35:49Z,2024-09-11T11:04:55Z,29,VIDEO Infecciosas 6,lectures
2024-09-11T13:34:18Z,2024-09-11T14:20:58Z,46,SKIN Virologia Sistematica,bhs
2024-09-11T15:05:19Z,2024-09-11T16:12:34Z,67,SKIN Virologia Sistematica,bhs
2024-09-11T16:55:40Z,2024-09-11T17:26:40Z,31,SKIN Virologia Sistematica,bhs
2024-09-12T07:24:06Z,2024-09-12T08:17:00Z,52,ANKI Virologia RNA + extras,anki_craft
2024-09-12T08:30:44Z,2024-09-12T09:14:00Z,43,AIM SHOOT Parasitologia Protozoos general,bhs
2024-09-12T09:28:36Z,2024-09-12T10:05:56Z,37,AIM SHOOT Parasitologia Sistematica Amebas,bhs
2024-09-12T10:34:46Z,2024-09-12T11:36:37Z,61,AIM SHOOT Parasitologia Sistematica Flagelados,bhs
2024-09-12T13:59:31Z,2024-09-12T14:46:57Z,47,AIM SHOOT Parasitologia Sistematica Coccidios,bhs
2024-09-12T14:57:56Z,2024-09-12T15:26:38Z,28,AIM SHOOT Parasitologia Sistematica Coccidios,bhs
2024-09-12T15:38:04Z,2024-09-12T16:04:49Z,26,AIM SHOOT Parasitologia Coccidios,bhs
2024-09-12T16:16:18Z,2024-09-12T16:32:11Z,15,ANKI Virologia general,anki_craft
2024-09-13T07:20:19Z,2024-09-13T08:31:43Z,71,ANKI Parasitologia Protozoos,anki_craft
2024-09-13T09:14:26Z,2024-09-13T10:27:39Z,73,VIDEO Infecciosas 6,lectures
2024-09-14T09:25:16Z,2024-09-14T10:00:00Z,34,SIR EOW Micologia Virologia,active_recall
2024-09-14T10:28:07Z,2024-09-14T11:02:33Z,34,SIR EOW Parasitologia protozoos,active_recall
2024-09-15T09:23:43Z,2024-09-15T10:25:22Z,61,VIDEO Infecciosas 7,lectures
2024-09-16T08:29:02Z,2024-09-16T09:52:37Z,83,AIM SHOOT Parasitologia trematodos,bhs
2024-09-16T09:57:59Z,2024-09-16T10:33:22Z,35,AIM SHOOT Parasitologia Cestodos,bhs
2024-09-16T10:43:14Z,2024-09-16T11:03:53Z,20,AIM SHOOT Cestodos,bhs
2024-09-16T14:01:01Z,2024-09-16T14:39:40Z,38,AIM SHOOT Parasitologia Cestodos,bhs
2024-09-16T14:48:03Z,2024-09-16T15:33:46Z,45,AIM SHOOT Parasitologia Nematodos,bhs
2024-09-16T15:48:45Z,2024-09-16T16:22:34Z,33,AIM SHOOT Parsitologia Nematodos,bhs
2024-09-16T16:26:18Z,2024-09-16T17:15:18Z,48,AIM SHOOT Parasitologia Nematodos,bhs
2024-09-17T07:48:05Z,2024-09-17T08:57:55Z,69,SKIN Parasitologia Platelmintos,bhs
2024-09-17T09:11:03Z,2024-09-17T10:20:35Z,69,SKIN Parasitologia Helmintos,bhs
2024-09-17T10:52:46Z,2024-09-17T11:48:37Z,55,ANKI Parasitologia Helmintos,anki_craft
2024-09-17T13:34:53Z,2024-09-17T15:24:38Z,109,VIDEO Infecciosas 7,lectures
2024-09-17T15:45:33Z,2024-09-17T16:36:48Z,51,VIDEO Infecciosas 8,lectures
2024-09-17T17:09:00Z,2024-09-17T17:25:48Z,16,VIDEO Infecciosas 8,lectures
2024-09-18T08:08:00Z,2024-09-18T09:43:43Z,95,VIDEO Infecciosas 8,lectures
2024-09-18T10:24:53Z,2024-09-18T11:22:25Z,57,AIM SHOOT Antibioticos,bhs
2024-09-18T11:34:17Z,2024-09-18T11:58:12Z,23,AIM SHOOT Antibioticos,bhs
2024-09-18T13:58:24Z,2024-09-18T14:49:27Z,51,AIM SHOOT Antibacterianos y Tratamientos,bhs
2024-09-18T15:08:52Z,2024-09-18T15:49:05Z,40,AIM SHOOT Antivirales Antifungicos ,bhs
2024-09-18T15:57:04Z,2024-09-18T16:27:29Z,30,ANKI Antiinfecciosos,anki_craft
2024-09-18T16:57:52Z,2024-09-18T17:28:27Z,30,ANKI Antiinfecciosos,anki_craft
2024-09-19T07:47:06Z,2024-09-19T08:10:36Z,23,PRESTUDY Inmunologia,bhs
2024-09-19T08:19:46Z,2024-09-19T09:36:57Z,77,VIDEO Inmunologia 1,lectures
2024-09-19T09:52:06Z,2024-09-19T11:02:10Z,70,VIDEO Inmunologia 1,lectures
2024-09-19T13:56:24Z,2024-09-19T15:16:17Z,79,VIDEO Inmunologia 2,lectures
2024-09-19T15:32:58Z,2024-09-19T16:42:40Z,69,VIDEO Inmunologia 2,lectures
2024-09-20T07:41:43Z,2024-09-20T08:46:14Z,64,AIM SHOOT Inmunologia Cells,bhs
2024-09-20T08:59:20Z,2024-09-20T09:59:43Z,60,AIM SHOOT Inmunologia Cells,bhs
2024-09-20T10:11:23Z,2024-09-20T11:15:44Z,64,AIM SHOOT Inmunologia Cells,bhs
2024-09-20T13:46:47Z,2024-09-20T14:39:46Z,52,AIM SHOOT Inmunologia Cells,bhs
2024-09-20T14:49:39Z,2024-09-20T15:31:22Z,41,AIM SHOOT Inmunologia Cells,bhs
2024-09-20T15:44:23Z,2024-09-20T16:38:55Z,54,VIDEO Inmunologia 3,lectures
2024-09-21T09:11:40Z,2024-09-21T09:46:54Z,35,SIR EOW Helmintos,active_recall
2024-09-21T10:02:27Z,2024-09-21T10:18:44Z,16,SIR EOW Antibacterianos,active_recall
2024-09-23T06:56:42Z,2024-09-23T08:02:30Z,65,AIM SHOOT Inmunologia Innata Adaptativa,bhs
2024-09-23T08:15:54Z,2024-09-23T09:00:46Z,44,AIM SHOOT Inmunologia Innata Adaptativa,bhs
2024-09-23T09:10:48Z,2024-09-23T09:54:17Z,43,AIM SHOOT Inmunologia Innata Adaptativa,bhs
2024-09-23T13:57:25Z,2024-09-23T14:47:01Z,49,AIM SHOOT Inmunologia Innata Adaptativa +3,bhs
2024-09-23T15:01:01Z,2024-09-23T16:10:23Z,69,AIM SHOOT Inmunologia Innata Adaptativa,bhs
2024-09-23T16:28:12Z,2024-09-23T17:16:05Z,47,AIM SHOOT Inmunologia Innata Adaptativa,bhs
2024-09-24T07:13:41Z,2024-09-24T08:03:44Z,50,AIM SHOOT Inmunologia Tipos Adaptativa,bhs
2024-09-24T08:16:55Z,2024-09-24T09:06:53Z,49,AIM SHOOT Inmunologia Tipos Adaptativa,bhs
2024-09-24T09:58:57Z,2024-09-24T10:40:13Z,41,AIM SHOOT Inmunologia Tipos Adaptativa +3,bhs
2024-09-24T13:49:20Z,2024-09-24T15:07:00Z,77,AIM SHOOT Inmunologia Tipos Adaptativa,bhs
2024-09-24T15:23:25Z,2024-09-24T16:20:35Z,57,AIM SHOOT Inmunologia Tipos Adaptativa,bhs
2024-09-25T06:49:58Z,2024-09-25T07:50:11Z,60,VIDEO Inmunologia 3 Patologia,lectures
2024-09-25T08:07:16Z,2024-09-25T08:53:29Z,46,AIM SHOOT Inmunologia Patologias,bhs
2024-09-25T09:03:52Z,2024-09-25T09:21:03Z,17,AIM SHOOT Inmunologia Patologia,bhs
2024-09-25T09:34:59Z,2024-09-25T09:52:40Z,17,AIM SHOOT Inmunologia Patologia +3,bhs
2024-09-25T10:32:43Z,2024-09-25T11:33:49Z,61,ANKI Inmunologia,anki_craft
2024-09-25T13:46:59Z,2024-09-25T14:49:08Z,62,AIM SHOOT Inmunologia Patologia,bhs
2024-09-25T15:02:33Z,2024-09-25T15:49:43Z,47,AIM SHOOT Inmunologia Patologia,bhs
2024-09-25T16:00:59Z,2024-09-25T16:34:08Z,33,AIM SHOOT Inmunologia Patologia,bhs
2024-09-26T06:46:56Z,2024-09-26T07:35:20Z,48,ANKI Inmunologia,anki_craft
2024-09-26T07:47:25Z,2024-09-26T08:49:11Z,61,ANKI Inmunologia,anki_craft
2024-09-26T09:03:05Z,2024-09-26T10:04:34Z,61,ANKI Inmunologia,anki_craft
2024-09-26T10:51:43Z,2024-09-26T11:31:09Z,39,VIDEO Inmunologia 3,lectures
2024-09-26T13:52:05Z,2024-09-26T14:22:14Z,30,AIM SHOOT Tecnicas Inmunologia,bhs
2024-09-26T15:08:02Z,2024-09-26T15:50:23Z,42,ANKI Inmunologia Patologia,anki_craft
2024-09-26T15:59:18Z,2024-09-26T16:18:25Z,19,ANKI Inmunologia Patologia,anki_craft
2024-09-27T06:46:54Z,2024-09-27T07:19:05Z,32,ANKI Tecnicas inmunologia,anki_craft
2024-09-27T07:30:53Z,2024-09-27T08:26:53Z,56,ANKI Tenicas citologia y marcador tumoral,anki_craft
2024-09-27T08:48:32Z,2024-09-27T09:41:27Z,52,ANKI Tecnicas varias,anki_craft
2024-09-27T13:40:26Z,2024-09-27T14:21:46Z,41,SIR EOW Inmunologia,active_recall
2024-09-27T14:32:32Z,2024-09-27T15:17:24Z,44,SIR EOW Inmunologia,active_recall
2024-09-27T15:30:15Z,2024-09-27T16:01:43Z,31,añadir a lista compra,misc
2024-09-27T16:51:43Z,2024-09-27T17:14:00Z,22,ANKI Tecnicas bioq clinica,anki_craft
2024-09-30T07:10:07Z,2024-09-30T08:09:27Z,59,VIDEO Estadistica 1,lectures
2024-09-30T08:24:16Z,2024-09-30T09:00:06Z,35,VIDEO Estadistica 1,lectures
2024-09-30T09:27:06Z,2024-09-30T10:27:32Z,60,VIDEO Estadistica 1,lectures
2024-09-30T14:54:07Z,2024-09-30T15:31:51Z,37,AIM SHOOT Estadistica Bloque 1,bhs
2024-09-30T15:50:15Z,2024-09-30T16:23:38Z,33,AIM SHOOT Estadistica Bloque 2,bhs
2024-10-01T07:38:54Z,2024-10-01T08:04:19Z,25,AIM SHOOT Estadistica Bloque 3,bhs
2024-10-01T08:04:43Z,2024-10-01T09:04:33Z,59,VIDEO Estadistica 2,lectures
2024-10-01T09:33:38Z,2024-10-01T10:39:54Z,66,VIDEO Estadistica 2,lectures
2024-10-01T13:57:46Z,2024-10-01T14:37:18Z,39,AIM SHOOT Estadistica Bloque 1,bhs
2024-10-01T14:47:03Z,2024-10-01T15:32:48Z,45,AIM SHOOT Estadistica Bloque 2 y 3,bhs
2024-10-01T15:50:48Z,2024-10-01T16:18:11Z,27,AIM SHOOT Estadistica Bloque 4,bhs
2024-10-02T07:13:32Z,2024-10-02T08:07:56Z,54,AIM SHOOT Estadistica Bloques 5 y 6,bhs
2024-10-02T08:21:52Z,2024-10-02T08:48:40Z,26,ANKI Estadistica,anki_craft
2024-10-02T09:45:07Z,2024-10-02T10:16:22Z,31,ANKI Estadistica,anki_craft
2024-10-03T15:59:55Z,2024-10-03T16:07:43Z,7,plan bq vuelta 2,misc
2024-10-04T07:00:49Z,2024-10-04T07:52:46Z,51,SIR EOM Simulacro bacteriologia hongos,active_recall
2024-10-04T08:06:26Z,2024-10-04T08:47:16Z,40,SIR EOM Simulacro virologia,active_recall
2024-10-04T09:09:00Z,2024-10-04T09:46:47Z,37,SIR EOM Simulacro parasitologia,active_recall
2024-10-04T09:54:17Z,2024-10-04T10:02:38Z,8,SIR EOM intento simulacro antiinf,active_recall
2024-10-04T13:45:28Z,2024-10-04T14:20:36Z,35,SIR EOM Simulacro inmunologia,active_recall
2024-10-04T14:30:38Z,2024-10-04T16:01:52Z,91,script anki patologias mutaciones,misc
2024-10-07T07:57:50Z,2024-10-07T09:03:40Z,65,AIM SHOOT Oligoelementos,bhs
2024-10-07T09:46:01Z,2024-10-07T11:21:56Z,95,SKIN Glucidos Est Metab,bhs
2024-10-07T13:52:27Z,2024-10-07T14:04:26Z,11,SKIN Glucidos + patologias,bhs
2024-10-07T14:06:36Z,2024-10-07T15:48:10Z,101,OFICIALES BQ glucidos mas las que me se,anki_exam
2024-10-07T16:21:54Z,2024-10-07T16:46:18Z,24,OFICIAL Revisar Qs hoy,anki_exam
2024-10-08T07:34:09Z,2024-10-08T08:15:01Z,40,BARIN DUMP Lipidos,active_recall
2024-10-08T08:41:31Z,2024-10-08T09:10:25Z,28,BRAIN DUMP Proteinas,active_recall
2024-10-08T09:16:18Z,2024-10-08T10:16:06Z,59,SKIN Lipidos,bhs
2024-10-08T10:24:44Z,2024-10-08T10:57:14Z,32,SKIN Lipidos,bhs
2024-10-08T13:44:36Z,2024-10-08T15:04:02Z,79,SKIN Proteinas,bhs
2024-10-08T15:15:40Z,2024-10-08T15:59:40Z,44,OFICIALES Bq,anki_exam
2024-10-08T16:06:53Z,2024-10-08T16:58:08Z,51,OFICIALES Bq,anki_exam
2024-10-09T07:00:02Z,2024-10-09T07:19:19Z,19,BRAIN DUMP Metabolismo comun,active_recall
2024-10-09T08:43:15Z,2024-10-09T09:46:25Z,63,SKIN Metabolismo comun,bhs
2024-10-09T09:59:17Z,2024-10-09T11:03:37Z,64,ANKI Bq estructural detalles,anki_craft
2024-10-09T13:35:41Z,2024-10-09T14:38:42Z,63,OFICIALES Bq,anki_exam
2024-10-09T14:52:15Z,2024-10-09T15:32:26Z,40,OFICIALES Bq,anki_exam
2024-10-09T15:53:19Z,2024-10-09T16:10:48Z,17,OFICIALES Bq,anki_exam
2024-10-10T07:58:35Z,2024-10-10T08:40:44Z,42,SKIN Bmol DNA,bhs
2024-10-10T09:03:44Z,2024-10-10T10:15:14Z,71,SKIN Bmol DNA,bhs
2024-10-10T10:28:04Z,2024-10-10T10:53:40Z,25,OFICIALES Bq,anki_exam
2024-10-10T13:38:08Z,2024-10-10T13:59:05Z,20,SKIN Bmol DNA,bhs
2024-10-10T14:03:50Z,2024-10-10T15:00:51Z,57,SKIN Bmol RNA,bhs
2024-10-10T15:14:46Z,2024-10-10T16:22:18Z,67,OFICIALES Bq,anki_exam
2024-10-10T16:25:03Z,2024-10-10T17:13:46Z,48,OFICIALES Bq,anki_exam
2024-10-11T06:49:08Z,2024-10-11T07:48:46Z,59,SKIN Bmol RNA,bhs
2024-10-11T08:07:03Z,2024-10-11T09:14:47Z,67,SKIN Bmol Traduccion,bhs
2024-10-11T09:28:52Z,2024-10-11T10:45:00Z,76,SKIN Metabolismo Nucleotidos,bhs
2024-10-11T11:31:04Z,2024-10-11T11:50:10Z,19,OFICIALES Bq,anki_exam
2024-10-11T13:28:36Z,2024-10-11T14:05:55Z,37,ANKI Bq detalles,anki_craft
2024-10-11T14:13:54Z,2024-10-11T15:08:53Z,54,OFICIALES Bq,anki_exam
2024-10-11T15:25:51Z,2024-10-11T16:17:14Z,51,OFICIALES Bq,anki_exam
2024-10-12T10:27:05Z,2024-10-12T11:01:05Z,34,OFICIALES Bq,anki_exam
2024-10-12T11:06:37Z,2024-10-12T11:22:44Z,16,OFICIALES Bq,anki_exam
2024-10-13T09:20:24Z,2024-10-13T10:04:42Z,44,OFICIALES Bq,anki_exam
2024-10-13T10:13:37Z,2024-10-13T10:38:44Z,25,OFICIALES Bq,anki_exam
2024-10-13T13:36:51Z,2024-10-13T14:29:34Z,52,OFICIALES Bq,anki_exam
2024-10-14T08:27:42Z,2024-10-14T09:38:33Z,70,AIM SHOOT Genetica Clinica,bhs
2024-10-14T09:50:41Z,2024-10-14T10:28:46Z,38,AIM SHOOT Genetica Clinica,bhs
2024-10-14T10:38:30Z,2024-10-14T11:15:07Z,36,AIM SHOOT Genetica Clinica,bhs
2024-10-14T13:52:32Z,2024-10-14T14:17:25Z,24,AIM SHOOT Genetica Clinica,bhs
2024-10-14T14:21:46Z,2024-10-14T14:46:48Z,25,ANKI Bq detalles,anki_craft
2024-10-14T14:55:14Z,2024-10-14T15:42:29Z,47,OFICIALES Bq,anki_exam
2024-10-14T15:45:53Z,2024-10-14T16:46:04Z,60,OFICIALES BQ,anki_exam
2024-10-14T16:49:20Z,2024-10-14T17:22:03Z,32,OFICIALES Bq,anki_exam
2024-10-15T07:44:26Z,2024-10-15T08:47:21Z,62,SKIN Ciclo celular,bhs
2024-10-15T09:04:31Z,2024-10-15T09:30:18Z,25,SKIN Ciclo celular,bhs
2024-10-15T09:35:04Z,2024-10-15T10:18:17Z,43,OFICIALES Bq,anki_exam
2024-10-15T10:30:00Z,2024-10-15T11:07:00Z,53,OFICIALES Bq,anki_exam
2024-10-15T15:20:43Z,2024-10-15T15:27:45Z,7,OFICIALES Bq,anki_exam
2024-10-15T19:11:14Z,2024-10-15T19:35:17Z,24,OFICIALES Bq,anki_exam
2024-10-15T20:06:10Z,2024-10-15T20:14:23Z,8,OFICIALES Bq,anki_exam
2024-10-16T07:12:10Z,2024-10-16T07:57:08Z,44,ANKI Bq detalles,anki_craft
2024-10-16T08:13:46Z,2024-10-16T09:20:44Z,66,ANKI Bq detalles,anki_craft
2024-10-16T09:25:44Z,2024-10-16T10:03:42Z,37,ANKI Bq detalles,anki_craft
2024-10-16T10:12:16Z,2024-10-16T10:43:42Z,31,ANKI Bq detalles,anki_craft
2024-10-16T13:54:39Z,2024-10-16T14:49:16Z,54,OFICIALES Bq,anki_exam
2024-10-16T14:59:17Z,2024-10-16T15:33:48Z,34,GOBIR Propias bq,active_recall
2024-10-16T15:45:36Z,2024-10-16T16:28:43Z,43,GOBIR Propias Bmol Genetica clinica,active_recall
2024-10-17T07:26:35Z,2024-10-17T07:43:37Z,17,ANKI GOBIR propias,anki_craft
2024-10-17T07:48:01Z,2024-10-17T08:06:15Z,18,BRAIN DUMP Citologia organulos,active_recall
2024-10-17T08:10:25Z,2024-10-17T08:58:28Z,48,SKIN Citologia organulos,bhs
2024-10-17T09:12:04Z,2024-10-17T09:48:47Z,36,SKIN Citologia organulos,bhs
2024-10-17T13:17:14Z,2024-10-17T14:19:45Z,62,SKIN Citologia membranas,bhs
2024-10-17T14:32:45Z,2024-10-17T14:52:19Z,19,SKIN Citologia membrana,bhs
2024-10-17T14:57:07Z,2024-10-17T15:36:46Z,39,OFICIALES Citologia,anki_exam
2024-10-17T15:39:36Z,2024-10-17T16:15:12Z,35,OFICIALES Citologia,anki_exam
2024-10-18T07:18:56Z,2024-10-18T08:07:58Z,49,ANKI Citoloigia detalles,anki_craft
2024-10-18T08:27:34Z,2024-10-18T08:51:00Z,23,ANKI Citologia detalles,anki_craft
2024-10-18T08:58:10Z,2024-10-18T10:15:06Z,76,OFICIALES ,anki_exam
2024-10-18T13:53:19Z,2024-10-18T14:12:42Z,19,ANKI Revisar oficiales marcadas,anki_craft
2024-10-21T06:51:40Z,2024-10-21T07:14:06Z,22,ANKI ACM,anki_craft
2024-10-21T07:32:56Z,2024-10-21T08:21:32Z,48,SKIN Histologia,bhs
2024-10-21T08:33:16Z,2024-10-21T09:44:35Z,71,SKIN Histologia,bhs
2024-10-21T09:58:00Z,2024-10-21T10:27:00Z,29,ANKI Histologia detalles,anki_craft
2024-10-21T10:36:36Z,2024-10-21T11:07:13Z,30,GOBIR Citologia,active_recall
2024-10-21T13:40:15Z,2024-10-21T14:32:22Z,52,OFICIALES,anki_exam
2024-10-21T14:49:06Z,2024-10-21T15:19:22Z,30,GOBIR Bq estructural metabolica,active_recall
2024-10-21T15:32:30Z,2024-10-21T16:04:27Z,31,GOBIR Bq molecular,active_recall
2024-10-21T16:10:20Z,2024-10-21T16:27:09Z,16,GOBIR Genetica clinica,active_recall
2024-10-22T06:44:39Z,2024-10-22T06:53:34Z,8,ANKI GOBIR propias,anki_craft
2024-10-22T06:55:29Z,2024-10-22T08:18:15Z,82,SKIN Fisio muscular,bhs
2024-10-22T08:34:46Z,2024-10-22T09:40:05Z,65,SKIN Fisio muscular,bhs
2024-10-22T09:55:20Z,2024-10-22T10:20:47Z,25,ANKI Fisio muscular detalles,anki_craft
2024-10-22T14:58:47Z,2024-10-22T15:26:18Z,27,OFICIALES,anki_exam
2024-10-22T15:46:48Z,2024-10-22T16:04:02Z,17,OFICIALES,anki_exam
2024-10-23T06:49:32Z,2024-10-23T08:35:17Z,105,SKIN SNC,bhs
2024-10-23T08:46:18Z,2024-10-23T10:12:46Z,86,SKIN SNC,bhs
2024-10-23T10:22:22Z,2024-10-23T11:23:07Z,60,SKIN SNC,bhs
2024-10-23T12:56:25Z,2024-10-23T13:28:05Z,31,SKIN SNC,bhs
2024-10-23T13:35:28Z,2024-10-23T14:34:11Z,58,AIM SHOOT SN limbico funciones te,bhs
2024-10-23T14:46:09Z,2024-10-23T15:11:24Z,25,AIM SHOOT SN limbico fuciones te,bhs
2024-10-23T15:26:53Z,2024-10-23T16:02:28Z,35,SKIN SNC Patologia,bhs
2024-10-23T16:13:19Z,2024-10-23T16:49:40Z,36,OFICIALES,anki_exam
2024-10-24T06:52:15Z,2024-10-24T07:53:07Z,60,SKIN SNP y SNA,bhs
2024-10-24T08:16:18Z,2024-10-24T08:47:04Z,30,SKIN SNA y SNP,bhs
2024-10-24T10:08:31Z,2024-10-24T10:55:18Z,46,SKIN SN cells anatomia,bhs
2024-10-24T13:29:02Z,2024-10-24T14:27:56Z,58,SKIN SN anatomia receptores general,bhs
2024-10-24T15:32:42Z,2024-10-24T16:20:55Z,48,OFICIALES,anki_exam
2024-10-24T16:30:48Z,2024-10-24T16:42:21Z,11,OFICIALES,anki_exam
2024-10-25T07:04:54Z,2024-10-25T08:13:20Z,68,SKIN Sentidos espeicales,bhs
2024-10-25T08:29:30Z,2024-10-25T09:48:37Z,79,SKIN Sentidos especiales,bhs
2024-10-25T10:05:34Z,2024-10-25T10:43:52Z,38,SKIN Sentidos especiales,bhs
2024-10-25T15:29:33Z,2024-10-25T16:07:57Z,38,OFICIALES,anki_exam
2024-10-25T16:15:26Z,2024-10-25T16:41:39Z,26,OFICIALES,anki_exam
2024-10-28T07:46:13Z,2024-10-28T08:49:09Z,62,ANKI Detalles SN,anki_craft
2024-10-28T08:59:32Z,2024-10-28T09:32:32Z,32,AIM SHOOT Tipos neurotransmision,bhs
2024-10-28T09:41:13Z,2024-10-28T10:28:04Z,46,ANKI Detalles SN,anki_craft
2024-10-28T10:36:28Z,2024-10-28T11:10:42Z,34,ANKI Detalles sentidos,anki_craft
2024-10-28T11:19:50Z,2024-10-28T12:14:00Z,54,SKIN Respiratorio,bhs
2024-10-28T14:22:25Z,2024-10-28T15:03:52Z,41,SKIN Respiratorio,bhs
2024-10-28T15:16:19Z,2024-10-28T16:04:52Z,48,ANKI Detalles respiratorio,anki_craft
2024-10-28T16:15:59Z,2024-10-28T16:31:27Z,15,ANKI Detalles respiratorio,anki_craft
2024-10-28T16:36:53Z,2024-10-28T17:03:19Z,26,OFICIALES,anki_exam
2024-10-29T07:40:23Z,2024-10-29T08:48:39Z,68,SKIN Cardiovascular,bhs
2024-10-29T09:01:49Z,2024-10-29T10:46:35Z,104,SKIN Cardiovascular,bhs
2024-10-29T10:59:03Z,2024-10-29T12:08:13Z,69,SKIN Cardiovascular,bhs
2024-10-29T14:22:29Z,2024-10-29T14:51:28Z,28,SKIN Cardiovascular,bhs
2024-10-29T14:58:47Z,2024-10-29T15:40:45Z,41,AIM SHOOT Patologia cardiovascular,bhs
2024-10-29T15:52:20Z,2024-10-29T16:29:42Z,37,ANKI Detalles cardiovascular,anki_craft
2024-10-29T16:36:43Z,2024-10-29T17:27:23Z,50,OFICIALES,anki_exam
2024-10-30T07:40:09Z,2024-10-30T08:26:57Z,46,SKIN Digestivo,bhs
2024-10-30T08:36:52Z,2024-10-30T09:56:50Z,79,SKIN Digestivo,bhs
2024-10-30T10:13:05Z,2024-10-30T11:28:43Z,75,SKIN Digestivo,bhs
2024-10-30T20:06:42Z,2024-10-30T20:29:19Z,22,OFICIALES,anki_exam
2024-10-30T20:36:51Z,2024-10-30T20:51:12Z,14,OFICIALES,anki_exam
2024-10-31T07:42:37Z,2024-10-31T08:31:53Z,49,AIM SHOOT Patologia digestivo,bhs
2024-10-31T08:44:12Z,2024-10-31T09:37:45Z,53,ANKI Detalles digestivo,anki_craft
2024-10-31T09:54:01Z,2024-10-31T11:08:43Z,74,SKIN Hematologia eritrocitos,bhs
2024-10-31T11:25:15Z,2024-10-31T12:20:56Z,55,SKIN Hematologia eritrocitos,bhs
2024-10-31T14:21:06Z,2024-10-31T14:59:38Z,38,SKIN Hematologia,bhs
2024-10-31T15:10:01Z,2024-10-31T15:49:07Z,39,ANKI Detalles hemato eritrocitos,anki_craft
2024-10-31T16:01:06Z,2024-10-31T16:39:33Z,38,OFICIALES,anki_exam
2024-10-31T16:46:33Z,2024-10-31T17:25:59Z,39,OFICIALES,anki_exam
2024-11-04T07:48:25Z,2024-11-04T08:46:50Z,58,SKIN Hematologia leucocitos,bhs
2024-11-04T08:59:20Z,2024-11-04T09:43:40Z,44,SKIN Hematologia leucocitos,bhs
2024-11-04T09:53:21Z,2024-11-04T10:13:31Z,20,ANKI Detalles leucocitos,anki_craft
2024-11-04T10:31:22Z,2024-11-04T11:47:44Z,76,SKIN Hematologia plaquetas hemostasia,bhs
2024-11-04T14:17:49Z,2024-11-04T14:44:09Z,26,ANKI Detalles plaquetas,anki_craft
2024-11-04T14:49:33Z,2024-11-04T15:13:56Z,24,ANKI ACM,anki_craft
2024-11-04T15:57:28Z,2024-11-04T16:32:54Z,35,OFICIALES,anki_exam
2024-11-04T16:50:57Z,2024-11-04T17:15:59Z,25,OFICIALES,anki_exam
2024-11-05T07:55:01Z,2024-11-05T08:52:41Z,57,SKIN Endocrinologia hiptalamo hipofisis,bhs
2024-11-05T09:06:13Z,2024-11-05T09:52:44Z,46,SKIN Endocrinologia,bhs
2024-11-05T10:05:18Z,2024-11-05T10:36:42Z,31,SKIN Endocrinologia hipotalamo hipofisis,bhs
2024-11-05T10:47:37Z,2024-11-05T11:10:21Z,22,SKIN Termoregulacion,bhs
2024-11-05T11:20:01Z,2024-11-05T11:50:51Z,30,ANKI Detalles endocrinologia hipot-hipof y termoreg,anki_craft
2024-11-05T14:26:22Z,2024-11-05T15:19:36Z,53,SKIN Endocrinologia pancreas higado corazon,bhs
2024-11-05T15:41:41Z,2024-11-05T16:20:56Z,39,OFICIALES,anki_exam
2024-11-05T16:29:17Z,2024-11-05T17:00:15Z,30,OFICIALES,anki_exam
2024-11-06T08:43:23Z,2024-11-06T09:50:53Z,67,SKIN Endocrinologia calcio potasio,bhs
2024-11-06T10:10:55Z,2024-11-06T11:34:17Z,83,SKIN Fisiologia renal,bhs
2024-11-06T15:26:45Z,2024-11-06T16:06:47Z,40,SKIN Fisiologia renal,bhs
2024-11-06T20:33:39Z,2024-11-06T21:05:41Z,32,OFICIALES,anki_exam
2024-11-06T21:13:17Z,2024-11-06T21:20:22Z,7,OFICIALES,anki_exam
2024-11-07T08:06:24Z,2024-11-07T09:10:55Z,64,AIM SHOOT Fisiologia patologia renal,bhs
2024-11-07T10:07:13Z,2024-11-07T10:45:04Z,37,ANKI Detalles ,anki_craft
2024-11-07T11:25:45Z,2024-11-07T11:53:43Z,27,OFICIALES,anki_exam
2024-11-07T14:57:42Z,2024-11-07T15:26:19Z,28,SKIN Ciclo menstrual,bhs
2024-11-07T16:04:40Z,2024-11-07T16:22:30Z,17,SKIN Espermatogenesis,bhs
2024-11-07T17:11:04Z,2024-11-07T17:48:50Z,37,OFICIALES,anki_exam
2024-11-07T17:55:16Z,2024-11-07T18:04:36Z,9,OFICIALES,anki_exam
2024-11-08T10:24:01Z,2024-11-08T10:50:03Z,26,Anki Detalles espermatog ovulacion,anki_craft
2024-11-08T11:31:21Z,2024-11-08T12:02:19Z,30,OFICIALES,anki_exam
2024-11-08T18:46:59Z,2024-11-08T19:34:28Z,47,OFICIALES,anki_exam
2024-11-11T09:50:20Z,2024-11-11T10:47:05Z,56,SKIN Embriologia,bhs
2024-11-11T11:00:01Z,2024-11-11T11:23:17Z,23,ANKI detalles,anki_craft
2024-11-11T14:36:16Z,2024-11-11T15:03:55Z,27,OFICIALES,anki_exam
2024-11-11T15:10:45Z,2024-11-11T15:42:13Z,31,OFICIALES,anki_exam
2024-11-11T15:55:04Z,2024-11-11T16:45:56Z,50,OFICIALES,anki_exam
2024-11-12T08:05:29Z,2024-11-12T08:49:32Z,44,BD Bacteriologia cosa mas import,active_recall
2024-11-12T09:28:18Z,2024-11-12T09:43:42Z,15,BD Correccion,active_recall
2024-11-12T09:48:48Z,2024-11-12T10:41:20Z,52,SKIN Bacteriologia,bhs
2024-11-12T10:52:59Z,2024-11-12T11:32:27Z,39,SKIN Bacteriologia,bhs
2024-11-12T11:42:12Z,2024-11-12T12:06:18Z,24,SKIN Bacteriologia,bhs
2024-11-12T16:35:20Z,2024-11-12T17:02:01Z,26,OFICIALES,anki_exam
2024-11-12T17:07:35Z,2024-11-12T17:46:03Z,38,OFICIALES,anki_exam
2024-11-13T08:10:00Z,2024-11-13T08:50:00Z,40,ANKI ACM y revisar marcadas,anki_craft
2024-11-13T09:10:23Z,2024-11-13T09:51:45Z,41,SKIN Bacteriologia,bhs
2024-11-13T10:11:51Z,2024-11-13T10:54:29Z,42,SKIN Bacteriologia,bhs
2024-11-13T11:04:12Z,2024-11-13T11:32:40Z,28,SKIN Bacteriologia,bhs
2024-11-13T11:41:46Z,2024-11-13T12:02:04Z,20,OFICIALES,anki_exam
2024-11-13T14:32:50Z,2024-11-13T15:30:17Z,57,SKIN Bacteriologia,bhs
2024-11-13T15:43:31Z,2024-11-13T16:31:38Z,48,SKIN Bacteriologia,bhs
2024-11-13T16:48:55Z,2024-11-13T17:25:23Z,36,OFICIALES,anki_exam
2024-11-13T17:34:18Z,2024-11-13T17:56:51Z,22,OFICIALES,anki_exam
2024-11-14T14:06:09Z,2024-11-14T14:52:04Z,45,SINK Bacteriologia,bhs
2024-11-14T15:54:57Z,2024-11-14T16:13:11Z,18,SKIN Bacteriologia,bhs
2024-11-14T16:17:29Z,2024-11-14T17:01:58Z,44,OFICIALES,anki_exam
2024-11-14T17:24:45Z,2024-11-14T17:49:06Z,24,OFICIALES,anki_exam
2024-11-15T08:02:28Z,2024-11-15T09:10:42Z,68,SKIN Bacteriologia,bhs
2024-11-15T09:33:32Z,2024-11-15T10:28:08Z,54,SKIN Bacteriologia general,bhs
2024-11-15T10:54:20Z,2024-11-15T12:12:49Z,78,SKIN Bacterilogia general,bhs
2024-11-15T14:22:11Z,2024-11-15T15:23:59Z,61,SKIN Bacteriologia sistem +1 cosa imp,bhs
2024-11-15T15:40:03Z,2024-11-15T16:02:24Z,22,SKIN Bacteriologia ,bhs
2024-11-15T16:16:51Z,2024-11-15T17:02:11Z,45,OFICIALES,anki_exam
2024-11-15T17:14:27Z,2024-11-15T18:04:37Z,50,OFICIALES,anki_exam
2024-11-18T08:41:31Z,2024-11-18T09:08:15Z,26,ANKI Detalles bacteriologia general,anki_craft
2024-11-18T09:19:45Z,2024-11-18T09:42:08Z,22,ANKI Detalles bacteriologia sistematica,anki_craft
2024-11-18T11:02:17Z,2024-11-18T11:50:59Z,48,ANKI Detalles bacteriologia sistematica,anki_craft
2024-11-18T15:41:54Z,2024-11-18T16:23:10Z,41,OFICIALES,anki_exam
2024-11-18T16:32:32Z,2024-11-18T16:54:26Z,21,OFICIALES,anki_exam
2024-11-18T17:18:12Z,2024-11-18T17:49:12Z,30,OFICIALES,anki_exam
2024-11-19T09:34:19Z,2024-11-19T10:11:10Z,36,BD Virologia sistematica,active_recall
2024-11-19T10:31:38Z,2024-11-19T12:17:24Z,105,SKIN Virologia sistematica,bhs
2024-11-19T14:18:30Z,2024-11-19T15:16:50Z,58,SKIN Virologia sistematica,bhs
2024-11-19T15:29:21Z,2024-11-19T15:51:16Z,21,SKIN Virologia sistematica,bhs
2024-11-19T16:16:20Z,2024-11-19T17:07:29Z,51,OFICIALES,anki_exam
2024-11-19T17:16:52Z,2024-11-19T17:37:48Z,20,OFICIALES,anki_exam
2024-11-20T07:43:39Z,2024-11-20T09:01:37Z,77,SKIN Virologia sistematica,bhs
2024-11-20T09:16:43Z,2024-11-20T10:23:54Z,67,SKIN Virologia sistematica,bhs
2024-11-20T10:36:03Z,2024-11-20T10:58:31Z,22,BD Virologia sistematica clasificacion,active_recall
2024-11-20T11:04:48Z,2024-11-20T11:33:19Z,28,SKIN Virologia general,bhs
2024-11-20T11:42:16Z,2024-11-20T12:15:11Z,32,ANKI Detalles virologia,anki_craft
2024-11-20T14:12:43Z,2024-11-20T14:36:50Z,24,BD Bacteriologia sistematica,active_recall
2024-11-20T14:50:44Z,2024-11-20T15:39:23Z,48,OFICIALES,anki_exam
2024-11-20T15:49:55Z,2024-11-20T16:17:46Z,27,OFICIALES,anki_exam
2024-11-20T16:24:23Z,2024-11-20T17:20:27Z,56,GOBIR fisiologia + pasado a anki,active_recall
2024-11-21T07:47:04Z,2024-11-21T08:21:08Z,34,ANKI Detalles virologia,anki_craft
2024-11-21T08:33:48Z,2024-11-21T09:52:00Z,78,SKIN Micologia,bhs
2024-11-21T10:08:04Z,2024-11-21T10:28:03Z,19,SKIN Micologia,bhs
2024-11-21T10:31:49Z,2024-11-21T10:47:03Z,15,ANKI Micologia,anki_craft
2024-11-21T16:26:46Z,2024-11-21T16:33:23Z,6,BD Micosis,active_recall
2024-11-21T16:36:38Z,2024-11-21T17:21:42Z,45,OFICIALES,anki_exam
2024-11-21T17:30:45Z,2024-11-21T17:49:08Z,18,OFICIALES,anki_exam
2024-11-22T10:29:29Z,2024-11-22T11:16:34Z,47,SKIN Parasitologia protozoos,bhs
2024-11-22T11:27:27Z,2024-11-22T11:53:09Z,25,SKIN Parasitologia protozoos,bhs
2024-11-22T14:34:24Z,2024-11-22T15:10:33Z,36,SKIN Parasitologia protozoos,bhs
2024-11-22T15:21:21Z,2024-11-22T16:11:10Z,49,SKIN Parastiologia protozoos,bhs
2024-11-22T16:19:57Z,2024-11-22T17:10:08Z,50,OFICIALES,anki_exam
2024-11-22T17:19:09Z,2024-11-22T17:39:39Z,20,OFICIALES,anki_exam
2024-11-25T07:56:56Z,2024-11-25T08:58:56Z,61,SKIN Parasitologia protozoos,bhs
2024-11-25T09:19:42Z,2024-11-25T10:05:05Z,45,ANKI Parasitologia protozoos,anki_craft
2024-11-25T10:12:56Z,2024-11-25T10:37:35Z,24,ANKI ACM,anki_craft
2024-11-25T15:59:27Z,2024-11-25T16:15:48Z,16,BD Parasitologia protozoos,active_recall
2024-11-25T16:24:20Z,2024-11-25T17:00:02Z,35,OFICIALES,anki_exam
2024-11-25T17:06:55Z,2024-11-25T17:51:38Z,44,OFICIALES,anki_exam
2024-11-26T15:26:55Z,2024-11-26T15:56:28Z,29,OFICIALES,anki_exam
2024-11-26T16:12:49Z,2024-11-26T16:37:04Z,24,OFICIALES,anki_exam
2024-11-27T07:51:29Z,2024-11-27T08:30:50Z,39,SKIN Parasitologia helmintos,bhs
2024-11-27T08:52:57Z,2024-11-27T09:55:04Z,62,SKIN Parasitologia helmintos,bhs
2024-11-27T10:10:44Z,2024-11-27T10:55:31Z,44,SKIN Parasitologia helmintos,bhs
2024-11-27T11:06:11Z,2024-11-27T11:36:39Z,30,SKIN Parasitologia heltintos,bhs
2024-11-27T14:18:01Z,2024-11-27T15:04:44Z,46,SKIN Parasitologia helmintos,bhs
2024-11-27T15:32:37Z,2024-11-27T16:07:20Z,34,ANKI Parasitologia detalles helmintos,anki_craft
2024-11-27T16:14:44Z,2024-11-27T16:37:22Z,22,OFICIALES,anki_exam
2024-11-27T16:55:40Z,2024-11-27T17:18:40Z,23,OFICIALES,anki_exam
2024-11-28T08:07:38Z,2024-11-28T08:25:44Z,18,BD Parasitologia helmintos,active_recall
2024-11-28T15:36:57Z,2024-11-28T16:33:44Z,56,OFICIALES,anki_exam
2024-11-29T08:29:44Z,2024-11-29T09:21:11Z,51,SKIN Antiinfecciosos,bhs
2024-11-29T09:31:38Z,2024-11-29T10:30:44Z,59,SKIN Antiinfecciosos,bhs
2024-11-29T10:42:00Z,2024-11-29T11:06:54Z,24,SKIN Antiinfecciosos,bhs
2024-11-29T11:21:20Z,2024-11-29T12:08:21Z,47,SKIN Antiinfecciosos,bhs
2024-11-29T14:06:27Z,2024-11-29T14:28:10Z,21,BD Antiinfecciosos,active_recall
2024-11-29T14:50:07Z,2024-11-29T15:29:03Z,38,ANKI Detalles antiinfecciosos,anki_craft
2024-11-29T15:42:53Z,2024-11-29T16:20:30Z,37,OFICIALES,anki_exam
2024-11-29T16:42:26Z,2024-11-29T17:04:47Z,22,OFICIALES,anki_exam
2024-12-02T08:32:22Z,2024-12-02T08:47:34Z,15,BD Inmuno cells,active_recall
2024-12-02T08:53:23Z,2024-12-02T09:13:06Z,19,SKIN Inmuno cells,bhs
2024-12-02T09:27:31Z,2024-12-02T10:45:58Z,78,SKIN Inmunologia cells,bhs
2024-12-02T11:04:10Z,2024-12-02T11:30:36Z,26,ANKI Detalles inmuno cells,anki_craft
2024-12-02T14:13:54Z,2024-12-02T14:45:46Z,31,GOBIR Infeciosas bacteriologia,active_recall
2024-12-02T15:04:03Z,2024-12-02T15:20:53Z,16,GOBIR Infecciosas virologia,active_recall
2024-12-02T15:27:25Z,2024-12-02T15:36:09Z,8,GOBIR Infecciosas micologia,active_recall
2024-12-02T15:46:00Z,2024-12-02T16:00:38Z,14,GOBIR Infecciosas parasitologia,active_recall
2024-12-02T16:28:24Z,2024-12-02T17:01:01Z,32,OFICIALES,anki_exam
2024-12-03T08:32:19Z,2024-12-03T08:55:12Z,22,BD Inmuno cells,active_recall
2024-12-03T09:10:43Z,2024-12-03T09:18:28Z,7,BD Inmuno innata adap general,active_recall
2024-12-03T09:25:01Z,2024-12-03T10:19:51Z,54,SKIN Inmuno innata adap,bhs
2024-12-03T10:30:09Z,2024-12-03T10:58:46Z,28,SKIN Inmuno innata adap,bhs
2024-12-03T11:04:06Z,2024-12-03T11:16:17Z,12,SKIN Inmuno innata adap,bhs
2024-12-03T11:18:56Z,2024-12-03T11:31:43Z,12,ANKI GOBIR Infecciosas,anki_craft
2024-12-03T13:55:52Z,2024-12-03T14:08:58Z,13,BD Inmuno innata adap,active_recall
2024-12-03T14:31:42Z,2024-12-03T14:45:43Z,14,GOBIR Infecciosas bacteriologia,active_recall
2024-12-03T15:06:49Z,2024-12-03T15:38:18Z,31,OFICIALES,anki_exam
2024-12-03T15:49:18Z,2024-12-03T16:13:33Z,24,OFICIALES,anki_exam
2024-12-04T07:54:13Z,2024-12-04T08:10:18Z,16,BD Inmuno tipos adaptativa,active_recall
2024-12-04T08:13:13Z,2024-12-04T08:56:51Z,43,SKIN Inmuno tipos adaptativa,bhs
2024-12-04T09:01:48Z,2024-12-04T09:56:03Z,54,SKIN Inmuno tipos adaptativa,bhs
2024-12-04T10:05:28Z,2024-12-04T10:43:58Z,38,SKIN Inmuno tipos adaptativa,bhs
2024-12-04T11:09:29Z,2024-12-04T11:59:45Z,50,SKIN Inmuno patologia,bhs
2024-12-04T14:04:17Z,2024-12-04T14:18:03Z,13,BD Inmuno tipos adaptativa,active_recall
2024-12-04T14:25:02Z,2024-12-04T14:41:16Z,16,BD Inmuno patologia,active_recall
2024-12-04T14:50:21Z,2024-12-04T15:14:59Z,24,OFICIALES,anki_exam
2024-12-04T15:18:32Z,2024-12-04T15:50:06Z,31,OFICIALES,anki_exam
2024-12-04T16:02:37Z,2024-12-04T16:47:12Z,44,OFICIALES,anki_exam
2024-12-05T07:53:06Z,2024-12-05T08:52:02Z,58,SKIN Estadistica bloque 1,bhs
2024-12-05T09:11:55Z,2024-12-05T09:54:35Z,42,"SKIN Estadistica bloque 2, 3, 4",bhs
2024-12-05T10:13:40Z,2024-12-05T11:08:23Z,54,"SKIN Estadistica bloque 4, 5",bhs
2024-12-05T11:18:52Z,2024-12-05T11:46:23Z,27,SKIN Estadistica bloque 5,bhs
2024-12-05T14:10:08Z,2024-12-05T14:39:51Z,29,SKIN Estadistica bloque 6,bhs
2024-12-05T14:47:42Z,2024-12-05T15:37:47Z,50,OFICIALES Estadistica,anki_exam
2024-12-05T15:46:46Z,2024-12-05T16:21:10Z,34,OFICIALES,anki_exam
2024-12-05T16:27:03Z,2024-12-05T16:35:05Z,8,OFICIALES,anki_exam
2024-12-09T08:09:19Z,2024-12-09T08:38:21Z,29,BD BQ Est/Met Proteinas,active_recall
2024-12-09T08:46:11Z,2024-12-09T09:06:22Z,20,BD Sintesis lipidos,active_recall
2024-12-09T09:22:43Z,2024-12-09T10:01:05Z,38,BD Digestivo,active_recall
2024-12-09T10:09:51Z,2024-12-09T10:42:40Z,32,BD Endocrinologia,active_recall
2024-12-09T11:04:46Z,2024-12-09T11:47:17Z,42,BD Bacteriologia chunk por patologia,active_recall
2024-12-09T14:33:35Z,2024-12-09T15:34:15Z,60,SIMULACRO 2 BQ,active_recall
2024-12-09T15:56:14Z,2024-12-09T16:54:00Z,57,SIMULACRO 5 BMOL G Clinica,active_recall
2024-12-09T17:04:42Z,2024-12-09T17:31:39Z,26,OFICIALES,anki_exam
2024-12-09T17:38:21Z,2024-12-09T18:16:38Z,38,OFICIALES,anki_exam
2024-12-09T18:24:03Z,2024-12-09T18:35:18Z,11,OFICIALES,anki_exam
2024-12-10T08:12:38Z,2024-12-10T08:46:27Z,33,BD hacer ayer + ANKI de los gaps,active_recall
2024-12-10T08:54:44Z,2024-12-10T09:18:19Z,23,BD oligoelementos vitaminas,active_recall
2024-12-10T09:35:47Z,2024-12-10T10:41:35Z,65,SKIN Genetica clinica,bhs
2024-12-10T10:58:38Z,2024-12-10T11:31:25Z,32,BD Sistema nervioso,active_recall
2024-12-10T11:52:28Z,2024-12-10T12:12:16Z,19,BD Embiologia,active_recall
2024-12-10T14:09:29Z,2024-12-10T14:39:15Z,29,SIR Parasitologia donde causa infeccion,active_recall
2024-12-10T14:56:43Z,2024-12-10T15:51:31Z,54,SIMULACRO 2 Citologia,active_recall
2024-12-10T16:06:33Z,2024-12-10T16:45:36Z,39,OFICIALES,anki_exam
2024-12-10T16:53:14Z,2024-12-10T17:23:12Z,29,OFICIALES,anki_exam
2024-12-10T17:28:39Z,2024-12-10T18:06:13Z,37,OFICIALES,anki_exam
2024-12-11T07:58:36Z,2024-12-11T08:17:49Z,19,BD Genetica clinica,active_recall
2024-12-11T08:22:29Z,2024-12-11T08:42:32Z,20,BD SN redo ayer,active_recall
2024-12-11T08:52:30Z,2024-12-11T09:11:56Z,19,BD Glucidos,active_recall
2024-12-11T09:19:06Z,2024-12-11T09:59:31Z,40,BD Bmol Cito sintesis proteinas,active_recall
2024-12-11T10:21:03Z,2024-12-11T10:50:24Z,29,BD Cardiovascular,active_recall
2024-12-11T10:59:05Z,2024-12-11T11:14:19Z,15,BD Cardiovascular,active_recall
2024-12-11T11:19:19Z,2024-12-11T11:46:22Z,27,BD Hematologia patologias,active_recall
2024-12-11T11:51:46Z,2024-12-11T12:00:37Z,8,BD Micologia,active_recall
2024-12-11T14:07:13Z,2024-12-11T15:13:36Z,66,SIMULACRO 6 Hematologia,active_recall
2024-12-11T15:25:10Z,2024-12-11T15:40:17Z,15,"SIMULACRO 9 Misc fisio intento, demasiado random",active_recall
2024-12-11T15:48:49Z,2024-12-11T16:24:48Z,35,OFICIALES,anki_exam
2024-12-11T16:32:57Z,2024-12-11T16:58:45Z,25,OFICIALES,anki_exam
2024-12-11T17:11:13Z,2024-12-11T17:45:08Z,33,OFICIALES,anki_exam
2024-12-12T08:28:32Z,2024-12-12T08:57:28Z,28,BD Cardiovascular,active_recall
2024-12-12T09:09:23Z,2024-12-12T09:22:59Z,13,BD Hematologia patologia leucos,active_recall
2024-12-12T09:33:25Z,2024-12-12T09:56:20Z,22,BD DNA Ciclo cell,active_recall
2024-12-12T10:03:24Z,2024-12-12T10:12:55Z,9,BD DNA Ciclo cell,active_recall
2024-12-12T10:16:40Z,2024-12-12T10:31:26Z,14,BD Metabolismo comun Mitocondria,active_recall
2024-12-12T11:18:46Z,2024-12-12T11:38:38Z,19,BD Respiratorio,active_recall
2024-12-12T11:55:13Z,2024-12-12T12:03:48Z,8,BD Respiratorio,active_recall
2024-12-12T14:22:23Z,2024-12-12T14:34:51Z,12,BD Renal,active_recall
2024-12-12T14:46:13Z,2024-12-12T15:09:33Z,23,BD Virologia,active_recall
2024-12-12T15:36:19Z,2024-12-12T16:16:26Z,40,OFICIALES,anki_exam
2024-12-12T16:23:23Z,2024-12-12T16:39:43Z,16,OFICIALES,anki_exam
2024-12-12T17:01:58Z,2024-12-12T17:23:51Z,21,OFICIALES,anki_exam
2024-12-13T08:14:55Z,2024-12-13T08:55:03Z,40,BD Inmuno respuesta a ,active_recall
2024-12-13T09:17:34Z,2024-12-13T09:43:40Z,26,BD Lipidos,active_recall
2024-12-13T09:52:26Z,2024-12-13T10:13:54Z,21,BD Sentidos,active_recall
2024-12-13T11:09:50Z,2024-12-13T11:25:50Z,16,BD Estadistica,active_recall
2024-12-13T15:15:29Z,2024-12-13T15:57:02Z,41,OFICIALES,anki_exam
2024-12-13T16:04:55Z,2024-12-13T16:35:21Z,30,OFICIALES,anki_exam
2024-12-13T16:40:45Z,2024-12-13T17:11:45Z,30,OFICIALES,anki_exam
2024-12-16T08:59:07Z,2024-12-16T09:51:02Z,51,Revisar preguntas MIR,active_recall
2024-12-16T10:00:29Z,2024-12-16T11:55:30Z,115,ANKI preguntas MIR y contestar,anki_craft
2024-12-16T11:59:05Z,2024-12-16T12:28:04Z,28,ANKI preguntas MIR y contestar,anki_craft
2024-12-16T14:13:20Z,2024-12-16T14:54:47Z,41,ANKI preguntas MIR y contestar,anki_craft
2024-12-16T15:11:56Z,2024-12-16T16:55:46Z,103,EXAMEN 2022,active_recall
2024-12-16T16:59:56Z,2024-12-16T17:56:22Z,56,EXAM 2022 correccion,active_recall
2024-12-16T18:00:27Z,2024-12-16T18:45:35Z,45,OFICIALES,anki_exam
2024-12-16T19:06:53Z,2024-12-16T19:47:36Z,40,OFICIALES,anki_exam
2024-12-17T07:38:35Z,2024-12-17T09:08:16Z,89,EXAM 2022 revision y anki cards de los fallos,active_recall
2024-12-17T09:18:02Z,2024-12-17T10:49:03Z,91,EXAM 2022 revision de preguntas ,active_recall
2024-12-17T10:54:32Z,2024-12-17T11:26:09Z,31,ANKI Preguntas falladas exam 2022,anki_craft
2024-12-17T11:33:08Z,2024-12-17T12:14:35Z,41,AIM SHOOT Proteinas G,bhs
2024-12-17T14:03:40Z,2024-12-17T15:15:15Z,71,SKIN Renal repaso fallos,bhs
2024-12-17T15:27:30Z,2024-12-17T16:35:28Z,67,EXAM 2020,active_recall
2024-12-17T16:43:37Z,2024-12-17T17:22:02Z,38,EXAM 2020 Coreccion,active_recall
2024-12-17T17:31:11Z,2024-12-17T17:57:52Z,26,OFICIALES,anki_exam
2024-12-17T18:04:40Z,2024-12-17T18:31:35Z,26,OFICIALES,anki_exam
2024-12-17T18:37:52Z,2024-12-17T18:50:40Z,12,OFICIALES,anki_exam
2024-12-17T19:18:26Z,2024-12-17T19:41:23Z,22,OFICIALES,anki_exam
2024-12-17T20:00:59Z,2024-12-17T20:07:36Z,6,OFICIALES,anki_exam
2024-12-18T07:57:57Z,2024-12-18T08:24:32Z,26,AIM SHOOT Rechazos,bhs
2024-12-18T08:29:06Z,2024-12-18T08:54:02Z,24,ANKI Fallos 2020,anki_craft
2024-12-18T08:59:45Z,2024-12-18T09:51:22Z,51,AIM SHOOT Relacion hormonas ciclo menstrual,bhs
2024-12-18T10:00:41Z,2024-12-18T10:34:13Z,33,AIM SHOOT Trafico leucocitario,bhs
2024-12-18T10:44:17Z,2024-12-18T11:34:43Z,50,AIM SHOOT Receptores hormonas y NT,bhs
2024-12-18T11:43:38Z,2024-12-18T12:05:50Z,22,OFICIALES,anki_exam
2024-12-18T14:19:56Z,2024-12-18T15:27:20Z,67,SIMULACRO GOBIR 2,active_recall
2024-12-18T15:39:50Z,2024-12-18T16:32:31Z,52,SIMULACRO GOBIR 2 Coreccion,active_recall
2024-12-18T16:42:31Z,2024-12-18T17:21:37Z,39,SIMULACRO GOBIR 2 Coreccion,active_recall
2024-12-18T17:32:11Z,2024-12-18T17:58:16Z,26,OFICIALES,anki_exam
2024-12-18T18:44:02Z,2024-12-18T19:18:26Z,34,OFICIALES,anki_exam
2024-12-18T20:03:38Z,2024-12-18T20:23:19Z,19,OFICIALES,anki_exam
2024-12-19T07:41:37Z,2024-12-19T09:03:43Z,82,AIM SHOOT Patologias glucogeno lipoproteinas,bhs
2024-12-19T09:14:45Z,2024-12-19T09:35:37Z,20,ANKI Fallos simulacro GOBIR2,anki_craft
2024-12-19T09:39:35Z,2024-12-19T09:55:39Z,16,AIM SHOOT Conformaciones DNA,bhs
2024-12-19T10:05:29Z,2024-12-19T10:31:02Z,25,AIM SHOOT Ondas EFG,bhs
2024-12-19T10:35:40Z,2024-12-19T11:38:39Z,62,AIM SHOOT Potenciales accion,bhs
2024-12-19T11:50:55Z,2024-12-19T12:17:52Z,26,OFICIALES,anki_exam
2024-12-19T14:16:30Z,2024-12-19T15:35:52Z,79,SIMULACRO GOBIR 3,active_recall
2024-12-19T15:50:10Z,2024-12-19T16:29:07Z,38,SIMULACRO GOBIR 3 Coreccion,active_recall
2024-12-19T16:46:37Z,2024-12-19T17:49:32Z,62,Simulacro GOBIR 3 Coreccion,active_recall
2024-12-19T17:54:26Z,2024-12-19T18:50:29Z,56,OFICIALES,anki_exam
2024-12-19T19:16:21Z,2024-12-19T19:32:03Z,15,OFICIALES,anki_exam
2024-12-20T07:41:28Z,2024-12-20T08:14:17Z,32,ANKI Fallos ,anki_craft
2024-12-20T08:16:37Z,2024-12-20T08:34:29Z,17,AIM SHOOT Anion gap,bhs
2024-12-20T08:37:35Z,2024-12-20T09:32:16Z,54,AIM SHOOT Patologias renales,bhs
2024-12-20T09:42:50Z,2024-12-20T10:08:18Z,25,AIM SHOOT Deglucion,bhs
2024-12-20T10:12:45Z,2024-12-20T10:41:06Z,28,AIM SHOOT Prot union actina,bhs
2024-12-20T10:47:27Z,2024-12-20T11:32:57Z,45,AIM SHOOT Metabolismo hemo,bhs
2024-12-20T11:42:21Z,2024-12-20T12:07:51Z,25,OFICIALES,anki_exam
2024-12-20T14:37:47Z,2024-12-20T15:34:51Z,57,EXAM 2021,active_recall
2024-12-20T15:44:40Z,2024-12-20T16:27:41Z,43,EXAM 2021 Coreccion,active_recall
2024-12-20T16:36:16Z,2024-12-20T16:59:04Z,22,OFICIALES,anki_exam
2024-12-20T17:03:27Z,2024-12-20T17:21:52Z,18,OFICIALES,anki_exam
2024-12-20T17:25:05Z,2024-12-20T17:48:51Z,23,OFICIALES,anki_exam
2024-12-23T07:53:33Z,2024-12-23T08:31:46Z,38,AIM SHOOT Inmunodefs,bhs
2024-12-23T08:39:32Z,2024-12-23T08:58:48Z,19,AIM SHOOT Osificacion,bhs
2024-12-23T09:12:49Z,2024-12-23T09:20:23Z,7,ANKI Transcripcion procariotas nombres propios,anki_craft
2024-12-23T09:21:53Z,2024-12-23T10:15:04Z,53,AIM SHOOT Señalizacion activacion linfocitos,bhs
2024-12-23T10:39:54Z,2024-12-23T12:09:06Z,89,SIMULACRO GOBIR5,active_recall
2024-12-23T12:14:11Z,2024-12-23T12:29:22Z,15,SIMULACRO GOBIR5 Coreccion,active_recall
2024-12-23T14:33:16Z,2024-12-23T15:47:07Z,73,SIMULACRO GOBIR5 Coreccion,active_recall
2024-12-23T16:00:31Z,2024-12-23T16:29:58Z,29,SIMULACRO GOBIR5 Coreccion,active_recall
2024-12-23T16:42:07Z,2024-12-23T17:13:12Z,31,OFICIALES,anki_exam
2024-12-23T17:33:14Z,2024-12-23T18:27:09Z,53,OFICIALES,anki_exam
2024-12-24T08:04:49Z,2024-12-24T09:08:16Z,63,AIM SHOOT Metabolismo nucleotidos,bhs
2024-12-24T09:16:47Z,2024-12-24T09:42:01Z,25,AIM SHOOT Metabolismo nucleotidos,bhs
2024-12-24T09:42:26Z,2024-12-24T10:13:05Z,30,ANKI Fallos ,anki_craft
2024-12-24T10:33:04Z,2024-12-24T11:53:52Z,80,SIMULACRO GOBIR6,active_recall
2024-12-24T15:06:53Z,2024-12-24T15:41:34Z,34,OFICIALES,anki_exam
2024-12-24T16:06:28Z,2024-12-24T16:48:17Z,41,OFICIALES,anki_exam
2025-01-07T08:01:21Z,2025-01-07T08:37:01Z,35,SIMULACRO GOBIR6 Coreccion,active_recall
2025-01-07T08:43:28Z,2025-01-07T09:30:19Z,46,SIMULACRO GOBIR6 Coreccion,active_recall
2025-01-07T09:46:28Z,2025-01-07T10:02:54Z,16,SIMULACRO GOBIR6 Coreccion,active_recall
2025-01-07T10:20:51Z,2025-01-07T10:39:00Z,18,AIM SHOOT Gaps misc,bhs
2025-01-07T10:42:29Z,2025-01-07T11:36:38Z,54,AIM SHOOT Organos linfoides,bhs
2025-01-07T11:47:30Z,2025-01-07T11:55:09Z,7,ANKI Organos linfoides,anki_craft
2025-01-07T13:56:55Z,2025-01-07T14:08:32Z,11,ANKI Microtubulos,anki_craft
2025-01-07T14:14:01Z,2025-01-07T14:40:09Z,26,ANKI Lista compra,anki_craft
2025-01-07T14:52:47Z,2025-01-07T16:26:44Z,93,SIMULACRO GOBIR7,active_recall
2025-01-07T16:54:00Z,2025-01-07T17:45:46Z,51,SIMULACRO GOBIR7 Coreccion,active_recall
2025-01-07T17:48:38Z,2025-01-07T18:32:36Z,43,OFICIALES,anki_exam
2025-01-07T18:57:00Z,2025-01-07T19:26:56Z,29,OFICIALES,anki_exam
2025-01-07T20:09:02Z,2025-01-07T20:21:38Z,12,OFICIALES,anki_exam
2025-01-08T07:37:02Z,2025-01-08T08:35:36Z,58,SIMULACRO GOBIR7 Coreccion,active_recall
2025-01-08T08:46:53Z,2025-01-08T08:59:56Z,13,ANKI Fallos simulacro,anki_craft
2025-01-08T09:05:21Z,2025-01-08T09:31:59Z,26,AIM SHOOT Sentidos resumen,bhs
2025-01-08T09:44:49Z,2025-01-08T10:27:31Z,42,AIM SHOOT Circulacion coronaria mas patologia,bhs
2025-01-08T10:50:18Z,2025-01-08T12:08:11Z,77,AIM SHOOT Exotoxinas bacterianas,bhs
2025-01-08T14:05:03Z,2025-01-08T15:23:41Z,78,SIMULACRO GOBIR8,active_recall
2025-01-08T15:39:19Z,2025-01-08T16:31:45Z,52,SIMULACRO GOBIR8 Coreccion,active_recall
2025-01-08T16:46:05Z,2025-01-08T17:43:28Z,57,OFICIALES,anki_exam
2025-01-08T17:53:17Z,2025-01-08T18:29:07Z,35,OFICIALES,anki_exam
2025-01-09T08:04:57Z,2025-01-09T08:15:47Z,10,ANKI Simulacro GOBIR8,anki_craft
2025-01-09T08:18:39Z,2025-01-09T09:00:48Z,42,AIM SHOOT Patologia metab calcio fosforo,bhs
2025-01-09T09:08:32Z,2025-01-09T09:21:31Z,12,ANKI Fallos misc,anki_craft
2025-01-09T09:24:03Z,2025-01-09T10:12:45Z,48,AIM SHOOT Lipidos esfingo y eicosanoides,bhs
2025-01-09T10:21:22Z,2025-01-09T10:46:14Z,24,AIM SHOOT Patologia tiroides,bhs
2025-01-09T10:50:44Z,2025-01-09T10:57:50Z,7,ANKI Pneumocystis,anki_craft
2025-01-09T10:59:43Z,2025-01-09T11:43:31Z,43,AIM SHOOT Puntos control ciclo cell,bhs
2025-01-09T11:51:30Z,2025-01-09T12:01:27Z,9,AIM Misc,bhs
2025-01-09T14:30:08Z,2025-01-09T15:48:29Z,78,SIMULACRO GOBIR9,active_recall
2025-01-09T16:13:11Z,2025-01-09T16:38:59Z,25,SIMULACRO GOBIR9 Coreccion,active_recall
2025-01-09T16:43:20Z,2025-01-09T17:15:42Z,32,SIMULACRO GOBIR9 Coreccion,active_recall
2025-01-09T17:21:14Z,2025-01-09T17:48:11Z,26,OFICIALES,anki_exam
2025-01-09T17:53:48Z,2025-01-09T18:13:04Z,19,OFICIALES,anki_exam
2025-01-09T18:17:05Z,2025-01-09T18:44:36Z,27,OFICIALES,anki_exam
2025-01-10T07:39:08Z,2025-01-10T08:24:13Z,45,ANKI Ribosomas y Meningitis tipos,anki_craft
2025-01-10T08:34:52Z,2025-01-10T09:31:55Z,57,AIM SHOOT Receptores general,bhs
2025-01-10T09:52:58Z,2025-01-10T10:26:17Z,33,AIM SHOOT Tejido conjuntivo carilaginoso,bhs
2025-01-10T10:41:08Z,2025-01-10T11:11:07Z,29,OFICIALES,anki_exam
2025-01-10T11:18:32Z,2025-01-10T11:46:47Z,28,OFICIALES,anki_exam
2025-01-10T11:52:13Z,2025-01-10T12:17:03Z,24,OFICIALES,anki_exam
2025-01-10T14:18:21Z,2025-01-10T15:20:11Z,61,SIMULACRO GOBIR10,active_recall
2025-01-10T15:48:23Z,2025-01-10T16:08:41Z,20,SIMULACRO GOBIR10,active_recall
2025-01-10T16:14:27Z,2025-01-10T16:24:46Z,10,SIMULACRO GOBIR10 Coreccion,active_recall
2025-01-13T07:43:50Z,2025-01-13T09:03:00Z,79,SIMULACRO GOBIR10 Coreccion + Anki,active_recall
2025-01-13T09:17:14Z,2025-01-13T10:44:54Z,87,SKIN Anemias + Hemolisis,bhs
2025-01-13T11:00:42Z,2025-01-13T11:37:31Z,36,BD Bacteriologia,active_recall
2025-01-13T11:44:54Z,2025-01-13T12:27:50Z,42,AIM SHOOT Bacteriologia + detalles,bhs
2025-01-13T13:53:10Z,2025-01-13T14:49:00Z,55,AIM SHOOT Bacteriologia + detalles,bhs
2025-01-13T15:00:42Z,2025-01-13T16:25:06Z,84,SIMULACRO GOBIR11,active_recall
2025-01-13T16:39:36Z,2025-01-13T17:01:41Z,22,SIMULACRO GOBIR11 Coreccion,active_recall
2025-01-13T17:12:49Z,2025-01-13T17:41:20Z,28,OFICIALES,anki_exam
2025-01-13T17:42:01Z,2025-01-13T18:05:57Z,23,OFICIALES,anki_exam
2025-01-13T18:10:07Z,2025-01-13T18:33:24Z,23,OFICIALES,anki_exam
2025-01-13T18:38:04Z,2025-01-13T18:50:33Z,12,OFICIALES,anki_exam
2025-01-13T19:16:30Z,2025-01-13T19:30:17Z,13,OFICIALES,anki_exam
2025-01-14T07:40:08Z,2025-01-14T08:22:03Z,41,SIMULACRO GOBIR11 Coreccion,active_recall
2025-01-14T08:29:31Z,2025-01-14T09:01:42Z,32,ANKI Bacteriologia medios cultivos resistencias,anki_craft
2025-01-14T09:08:34Z,2025-01-14T09:19:34Z,11,ANKI DNA polimerasas,anki_craft
2025-01-14T09:21:36Z,2025-01-14T10:01:29Z,39,SKIN Fisio muscular estriado,bhs
2025-01-14T10:08:57Z,2025-01-14T10:47:05Z,38,AIM SHOOT Circulacion pulmonar,bhs
2025-01-14T10:54:22Z,2025-01-14T11:13:43Z,19,BD Glucolisis,active_recall
2025-01-14T11:17:18Z,2025-01-14T11:46:57Z,29,BD Metb lipidos y Aa,active_recall
2025-01-14T11:52:05Z,2025-01-14T12:08:40Z,16,BD Krebs Cadena transporte electronico,active_recall
2025-01-14T13:55:21Z,2025-01-14T15:01:23Z,66,BD Metabolismo general mas anki,active_recall
2025-01-14T15:17:52Z,2025-01-14T16:37:03Z,79,SIMULACRO GOBIR12,active_recall
2025-01-14T16:52:30Z,2025-01-14T17:21:22Z,28,SIMULACRO GOBIR12 Coreccion,active_recall
2025-01-14T17:26:16Z,2025-01-14T18:03:21Z,37,OFICIALES,anki_exam
2025-01-14T18:10:16Z,2025-01-14T18:55:27Z,45,OFICIALES,anki_exam
2025-01-15T07:38:33Z,2025-01-15T08:31:59Z,53,SIMULACRO GOBIR12 Coreccion,active_recall
2025-01-15T08:41:26Z,2025-01-15T09:10:51Z,29,ANKI Nombres raros bacteriologia,anki_craft
2025-01-15T09:19:47Z,2025-01-15T09:58:56Z,39,AIM SHOOT Antibioticos + detalle,bhs
2025-01-15T10:06:09Z,2025-01-15T10:31:42Z,25,BD Traudccion,active_recall
2025-01-15T10:37:53Z,2025-01-15T10:55:03Z,17,ANKI Traduccion fallos,anki_craft
2025-01-15T11:00:05Z,2025-01-15T11:53:43Z,53,AIM SHOOT Operones,bhs
2025-01-15T12:02:58Z,2025-01-15T12:18:32Z,15,OFICIALES,anki_exam
2025-01-15T14:06:11Z,2025-01-15T16:16:37Z,130,EXAM 2023,active_recall
2025-01-15T16:28:40Z,2025-01-15T17:33:24Z,64,EXAM 2023 Coreccion,active_recall
2025-01-15T17:44:37Z,2025-01-15T18:10:31Z,25,OFICIALES,anki_exam
2025-01-15T18:15:00Z,2025-01-15T18:52:53Z,37,OFICIALES,anki_exam
2025-01-15T19:17:20Z,2025-01-15T19:32:44Z,15,OFICIALES,anki_exam
2025-01-16T07:37:25Z,2025-01-16T09:03:32Z,86,AIM SHOOT Absorcion y metabolismo otros glucidos,bhs
2025-01-16T09:12:31Z,2025-01-16T09:47:21Z,34,AIM SHOOT Patologia metabolismo otros glucidos,bhs
2025-01-16T09:54:21Z,2025-01-16T10:52:00Z,57,AIM SHOOT GAG y mucopolisacaridosis,bhs
2025-01-16T11:02:23Z,2025-01-16T11:22:35Z,20,AIM SHOOT liporpoteinemias,bhs
2025-01-16T11:26:46Z,2025-01-16T12:10:23Z,43,AIM SHOOT Defectos beta-oxi y esfingolipidosis,bhs
2025-01-16T12:16:14Z,2025-01-16T12:38:53Z,22,AIM SHOOT Patologia aa,bhs
2025-01-16T14:24:33Z,2025-01-16T15:14:37Z,50,AIM SHOOT Patologias Aa y nucleotidos,bhs
2025-01-16T15:23:51Z,2025-01-16T16:23:34Z,59,AIM SHOOT Osteopatias y Reumatologia,bhs
2025-01-16T17:02:37Z,2025-01-16T18:02:50Z,60,SIMULACRO GOBIR13,active_recall
2025-01-16T18:13:48Z,2025-01-16T18:29:47Z,15,SIMULACRO GOBIR13,active_recall
2025-01-16T18:34:45Z,2025-01-16T19:07:01Z,32,OFICIALES,anki_exam
2025-01-16T19:13:41Z,2025-01-16T19:31:36Z,17,OFICIALES,anki_exam
2025-01-16T20:09:22Z,2025-01-16T20:38:07Z,28,OFICIALES,anki_exam
2025-01-16T20:43:26Z,2025-01-16T21:03:05Z,19,OFICIALES,anki_exam
2025-01-17T08:23:47Z,2025-01-17T09:15:24Z,51,SIMULACRO GOBIR13 Coreccion,active_recall
2025-01-17T09:24:56Z,2025-01-17T09:55:04Z,30,BD Abs y metabolismo otros glucidos + ANKI,active_recall
2025-01-17T10:01:48Z,2025-01-17T10:20:10Z,18,BD Osteopatias Reumatologia + ANKI,active_recall
2025-01-17T10:25:14Z,2025-01-17T10:59:02Z,33,ANKI Patologias raras metabolismo,anki_craft
2025-01-17T11:07:18Z,2025-01-17T12:34:16Z,86,AIM SHOOT Histologia + Musculo,bhs
2025-01-17T14:23:05Z,2025-01-17T15:58:06Z,95,AIM SHOOT Anatomia higado pancreas,bhs
2025-01-17T17:06:06Z,2025-01-17T17:38:30Z,32,OFICIALES,anki_exam
2025-01-17T17:46:20Z,2025-01-17T18:19:47Z,33,OFICIALES,anki_exam
2025-01-17T18:31:45Z,2025-01-17T18:45:05Z,13,OFICIALES,anki_exam
2025-01-17T19:17:41Z,2025-01-17T19:46:46Z,29,OFICIALES,anki_exam
2025-01-18T08:01:36Z,2025-01-18T08:41:46Z,40,OFICIALES,anki_exam
2025-01-18T08:50:41Z,2025-01-18T09:21:20Z,30,OFICIALES,anki_exam
2025-01-18T09:28:44Z,2025-01-18T10:10:33Z,41,OFICIALES,anki_exam
2025-01-20T07:44:05Z,2025-01-20T08:16:07Z,32,BD Viernes + anki fallos,active_recall
2025-01-20T08:21:54Z,2025-01-20T09:42:46Z,80,AIM SHOOT Hormonas femeninas placentarias,bhs
2025-01-20T09:58:07Z,2025-01-20T10:47:09Z,49,AIM SHOOT Patologia hormonas femeinias,bhs
2025-01-20T10:56:44Z,2025-01-20T11:56:23Z,59,AIM SHOOT Gasto cardiaco,bhs
2025-01-20T12:10:30Z,2025-01-20T12:39:15Z,28,AIM SHOOT Nervios craneales,bhs
2025-01-20T13:53:58Z,2025-01-20T14:30:54Z,36,OFICIALES,anki_exam
2025-01-20T14:39:44Z,2025-01-20T15:27:22Z,47,OFICIALES,anki_exam
2025-01-20T15:39:37Z,2025-01-20T16:14:28Z,34,ANKI Fallos 2023 misc,anki_craft
2025-01-20T16:20:42Z,2025-01-20T17:47:52Z,87,AIM SHOOT Embriologia,bhs
2025-01-20T17:59:57Z,2025-01-20T18:53:05Z,53,AIM SHOOT Embriologia formacion sistemas,bhs
2025-01-21T07:43:55Z,2025-01-21T08:51:46Z,67,"BD y ANKI hormonas femeninas, gasto caridaco, NCs y embriologia",active_recall
2025-01-21T09:03:57Z,2025-01-21T10:30:39Z,86,AIM SHOOT Embriologia formacion sistemas,bhs
2025-01-21T10:45:38Z,2025-01-21T12:28:15Z,102,AIM SHOOT Embriologia formacion sistemas,bhs
2025-01-21T13:54:10Z,2025-01-21T14:20:33Z,26,OFICIALES,anki_exam
2025-01-21T14:25:16Z,2025-01-21T14:56:16Z,31,OFICIALES,anki_exam
2025-01-21T15:01:44Z,2025-01-21T16:07:32Z,65,AIM SHOOT Mycobacterias y Mycoplasmas gaps,bhs
2025-01-21T16:19:03Z,2025-01-21T17:44:40Z,85,AIM SHOOT Resistencias antibioticos,bhs
2025-01-21T18:01:26Z,2025-01-21T18:45:49Z,44,BD + ANKI Virologia,active_recall
2025-01-22T07:40:43Z,2025-01-22T08:52:28Z,71,BD + ANKI formacion organos y gaps bacteriologia,active_recall
2025-01-22T09:04:59Z,2025-01-22T09:54:53Z,49,AIM SHOOT Pruebas treponemicas VEB,bhs
2025-01-22T10:05:37Z,2025-01-22T11:00:52Z,55,BD Micosis + SKIN Micosis,active_recall
2025-01-22T11:10:32Z,2025-01-22T11:44:32Z,33,BD Parasitologia protozoos,active_recall
2025-01-22T11:50:22Z,2025-01-22T12:38:34Z,48,SKIN Parasitologia protozoos,bhs
2025-01-22T13:47:49Z,2025-01-22T14:34:31Z,46,OFICIALES,anki_exam
2025-01-22T14:40:19Z,2025-01-22T15:37:42Z,57,SIMULACRO GOBIR14 + Coreccion,active_recall
2025-01-22T15:41:55Z,2025-01-22T16:52:09Z,70,BD + SKIN Helmintos,active_recall
2025-01-22T17:04:38Z,2025-01-22T17:52:15Z,47,AIM SHOOT BClinica,bhs
2025-01-22T18:00:21Z,2025-01-22T18:45:18Z,44,MML mutaciones ligadas X,misc
2025-01-23T07:37:59Z,2025-01-23T08:09:05Z,31,BD + ANKI Pruebas infecc y Micosis,active_recall
2025-01-23T08:14:46Z,2025-01-23T09:24:13Z,69,BD + ANKI Parasitologia,active_recall
2025-01-23T09:36:06Z,2025-01-23T09:55:23Z,19,BD + ANKI Bclinica,active_recall
2025-01-23T09:58:48Z,2025-01-23T11:16:34Z,77,BD + SKIN Gaps fisio,active_recall
2025-01-23T11:31:33Z,2025-01-23T11:51:02Z,19,ANKI fallos 2023 misc,anki_craft
2025-01-23T11:54:37Z,2025-01-23T12:28:21Z,33,AIM SHOOT Patologia fisio,bhs
2025-01-23T14:02:05Z,2025-01-23T14:35:07Z,33,OFICIALES,anki_exam
2025-01-23T14:43:13Z,2025-01-23T15:09:41Z,26,OFICIALES,anki_exam
2025-01-23T15:21:19Z,2025-01-23T16:18:28Z,57,AIM SHOOT Patologia fisio,bhs
2025-01-23T16:28:32Z,2025-01-23T17:11:58Z,43,AIM SHOOT Patologia fisio,bhs
2025-01-23T17:19:48Z,2025-01-23T17:54:36Z,34,AIM SHOOT Patologia fisio,bhs
2025-01-23T18:00:37Z,2025-01-23T18:08:18Z,7,AIM SHOOT Patologia fisio,bhs
2025-01-24T07:41:32Z,2025-01-24T08:58:20Z,76,BD + ANKI Fisio misc y Patologia fisio,active_recall
2025-01-24T10:37:51Z,2025-01-24T11:07:25Z,29,OFICIALES,anki_exam
2025-01-24T11:17:28Z,2025-01-24T11:47:29Z,30,OFICIALES,anki_exam
2025-01-24T11:58:02Z,2025-01-24T12:17:52Z,19,Casos clinicos,active_recall
2025-01-24T14:06:27Z,2025-01-24T15:01:32Z,55,FIR 2023 razonar preguntas,active_recall
2025-01-24T15:12:20Z,2025-01-24T16:01:58Z,49,FIR 2023 razonar preguntas,active_recall
